annot_type	feature_id	auprc_mean	auprc_median	enrichment_gmean	odds_ratio	fisher_p	n_proteins	n_clusters	tp	fp	fn	tn
Region: Editing domain	1096	1.0000001192092896	1.0000001192092896	1.0	inf	0.2288	1	1	1.0	0.0	142.0	482.0
Domain: Globin	4558	1.0000000596046448	1.0000000596046448	1.0	inf	0.9463087248322147	2	1	1.0	0.0	140.5	8.5
Domain: RNase H type-1	1333	1.0000000045849726	1.0000000045849726	1.0	inf	0.5292119678896919	26	1	5.730769230769231	0.0	137.15384615384616	19.884615384615383
Domain: Peptidase S1	318	1.0	1.0	1.0	inf	0.05263157894736842	1	1	1.0	0.0	0.0	18.0
Domain: PE	7741	1.0	1.0	1.0	inf	0.1712707182320442	2	1	1.0	0.0	92.0	450.0
Domain: PINc	13568	1.0	1.0	1.0	inf	0.9124087591240876	3	1	1.0	0.0	124.0	12.0
Domain: NodB homology	718	1.0	1.0	1.0	inf	0.8809523809523809	1	1	1.0	0.0	258.0	35.0
Domain: Nudix hydrolase	4641	1.0	1.0	1.0	inf	0.9146302761028245	2	1	2.0	0.0	130.0	6.0
Domain: PAS	15446	1.0	1.0	1.0	inf	0.10421836228287841	1	1	1.0	0.0	41.0	361.0
Domain: PAS 1	4235	1.0	1.0	1.0	inf	0.15827338129496404	2	1	1.0	0.0	65.0	351.0
Domain: MGS-like	2707	1.0	1.0	1.0	inf	0.9699248120300752	20	1	1.0	0.0	128.6	4.45
Domain: Macro	11582	1.0	1.0	1.0	inf	0.9206349206349207	2	1	1.0	0.0	173.0	15.0
Domain: N-acetyltransferase	9353	1.0	1.0	1.0	inf	0.6452991452991452	8	1	1.125	0.0	150.875	83.625
Domain: Guanylate kinase-like	9454	1.0	1.0	1.0	inf	0.36956580235048286	1	1	4.0	0.0	178.0	51.0
Domain: GMPS ATP-PPase	1783	1.0	1.0	1.0	inf	0.603225806451613	2	1	1.0	0.0	186.0	123.0
Domain: GS catalytic	7507	1.0	1.0	1.0	2.046982167352538	1.0	1	1	22.0	0.0	97.0	0.0
Domain: PDZ	10302	1.0	1.0	1.0	inf	0.11618257261410789	1	1	1.0	0.0	83.0	639.0
Domain: Thioredoxin	6741	1.0	1.0	1.0	inf	0.9541284403669725	4	1	1.0	0.0	103.0	5.0
Domain: DAGKc	9856	1.0	1.0	1.0	inf	0.4444444444444444	1	1	1.0	0.0	131.0	165.0
Domain: DHFR	2275	1.0	1.0	1.0	inf	0.9804878048780488	1	1	1.0	0.0	200.0	4.0
Domain: Carrier	10243	1.0	1.0	1.0	inf	0.95	4	1	1.0	0.0	75.0	4.25
Domain: CoA carboxyltransferase N-terminal	16164	1.0	1.0	1.0	inf	1.0	3	1	106.0	0.0	0.0	0.0
Domain: Core-binding (CB)	11439	1.0	1.0	1.0	inf	0.27831715210355984	4	1	1.0	0.0	85.0	223.75
Domain: Biotin carboxylation	6611	1.0	1.0	1.0	inf	1.0	1	1	48.0	0.0	396.0	0.0
Domain: PTS EIIC type-1	10711	1.0	1.0	1.0	inf	0.571648690292758	2	1	1.0	0.0	370.0	278.5
Domain: TGS	1863	1.0	1.0	1.0	inf	0.09228441754916793	101	1	1.0	0.0	60.386138613861384	600.6633663366337
Domain: SH3 1	4872	1.0	1.0	1.0	inf	0.1696969696969697	1	1	1.0	0.0	55.0	274.0
Domain: Peripheral subunit-binding (PSBD)	8285	1.0	1.0	1.0	inf	0.11111111111111113	1	1	1.0	2.0	0.0	24.0
Domain: Protein kinase	16200	1.0	1.0	1.0	inf	0.9591836734693877	4	1	1.0	0.0	281.75	12.75
Domain: RCK N-terminal	8312	1.0	1.0	1.0	inf	0.020645889233898235	1	1	6.0	0.0	112.0	105.0
Domain: RRM	9262	1.0	1.0	1.0	inf	0.5365853658536586	1	1	1.0	43.0	0.0	38.0
Domain: PPM-type phosphatase	1863	1.0	1.0	1.0	inf	0.9506726457399103	1	1	1.0	0.0	211.0	11.0
Domain: YjeF C-terminal	7176	1.0	1.0	1.0	inf	0.8063954942624357	2	1	4.0	0.0	287.0	16.0
Domain: C-type lectin	5049	1.0	1.0	1.0	inf	0.00819672131147541	1	1	1.0	0.0	0.0	121.0
Transmembrane: Helical; Name=1	14937	1.0	1.0	1.0	inf	0.06752411575562701	1	1	1.0	0.0	20.0	290.0
Binding site: Fe cation	15341	1.0	1.0	1.0	inf	0.025	1	1	1.0	0.0	0.0	39.0
Binding site: Mg(2+)	4872	1.0	1.0	1.0	inf	0.01714285714285714	11	1	1.0	2.0	0.0	172.45454545454547
Binding site: Mn(2+)	4710	1.0	1.0	1.0	inf	0.007911392405063292	1	1	1.0	4.0	0.0	627.0
Binding site: Ca(2+)	15543	1.0	1.0	1.0	inf	0.003552397868561279	1	1	1.0	1.0	0.0	561.0
Binding site: CoA	5607	1.0	1.0	1.0	inf	0.006493506493506493	1	1	1.0	2.0	0.0	459.0
Active site: Proton donor	53	1.0	1.0	1.0	inf	0.00606060606060606	1	1	1.0	0.0	0.0	164.0
Domain: GH11	3831	1.0	1.0	1.0	inf	0.8642533936651584	1	1	1.0	0.0	190.0	30.0
Active site: Schiff-base intermediate with substrate; via pyruvic acid	275	1.0	1.0	1.0	inf	0.005263157894736842	5	1	1.0	1.8	0.0	378.4
Binding site: ADP	1591	1.0	1.0	1.0	inf	0.001364256480218281	1	1	1.0	0.0	0.0	732.0
Active site	2707	1.0	1.0	1.0	inf	0.0025188916876574307	1	1	1.0	0.0	0.0	396.0
Active site: Charge relay system	10946	1.0	1.0	1.0	120.63613503009982	1.0	1	1	1.0	33.0	0.0	0.0
Active site: Electrophile	2192	1.0	1.0	1.0	inf	4.7936827856454324e-05	628	3	3.0	27.25268817204301	0.0	769.6989247311828
Active site: N6-AMP-lysine intermediate	6275	1.0	1.0	1.0	inf	0.004524886877828055	4	1	1.0	1.5	0.0	440.0
Active site: Nucleophile	9325	1.0	1.0	1.0	inf	0.0034013605442176865	1	1	1.0	0.0	0.0	293.0
Active site: Nucleophile; for glutamine hydrolysis	10023	1.0	1.0	1.0	inf	0.05338078291814946	701	1	1.0	29.13694721825963	0.0	532.6562054208274
Active site: Proton donor/acceptor	2299	1.0	1.0	1.0	inf	0.004	1	1	1.0	0.0	0.0	249.0
Domain: GIY-YIG	13747	1.0	1.0	1.0	inf	0.77	1	1	1.0	0.0	76.0	23.0
Domain: F-BAR	15381	1.0	1.0	1.0	inf	0.09746352538359511	3	2	3.0	0.0	501.5	590.5
Domain: F-box	9353	1.0	1.0	1.0	inf	0.10495049504950496	2	1	1.0	0.0	52.0	452.0
Domain: FAD-binding PCMH-type	13175	1.0	1.0	1.0	inf	0.45888594164456237	1	1	1.0	0.0	172.0	204.0
Domain: FMN hydroxy acid dehydrogenase	14146	1.0	1.0	1.0	inf	0.9785522788203753	3	1	1.0	0.0	364.0	8.666666666666666
Domain: Lipoyl-binding	1441	1.0	1.0	1.0	inf	0.17882352941176471	9	1	1.0	0.0	75.0	349.0
Domain: J	12188	1.0	1.0	1.0	inf	0.18469656992084432	1	1	1.0	0.0	69.0	309.0
Domain: Ig-like	15541	1.0	1.0	1.0	inf	0.003284473560483292	1	1	38.0	0.0	68.0	14.0
Transmembrane: Helical	13143	1.0	1.0	1.0	inf	0.08823529411764705	1	1	1.0	0.0	20.0	217.0
Domain: HTH dtxR-type	6535	1.0	1.0	1.0	inf	0.4532374100719424	1	1	1.0	0.0	62.0	76.0
Domain: HTH lysR-type	4762	1.0	1.0	1.0	inf	0.18495297805642633	1	1	1.0	0.0	58.0	260.0
Domain: IGFBP N-terminal	16197	1.0	1.0	1.0	inf	1.0	1	1	1.0	19.0	0.0	0.0
Transmembrane: Helical; Signal-anchor for type III membrane protein	1863	1.0	1.0	1.0	inf	0.04615384615384616	1	1	1.0	0.0	20.0	434.0
Transmembrane: Helical; Signal-anchor	4207	1.0	1.0	1.0	inf	0.040935672514619874	2	1	1.0	0.0	20.0	492.0
Topological domain: Virion surface	14465	1.0	1.0	1.0	inf	0.773841961852861	2	1	1.0	0.0	283.0	83.0
Transit peptide: Chloroplast	4736	1.0	1.0	1.0	inf	0.013118234804329726	2	2	2.0	0.0	136.0	1063.0
Transit peptide: Mitochondrion	1863	1.0	1.0	1.0	inf	6.131547075494337e-10	13	8	8.0	0.0	170.0	2299.583333333333
Domain: Ig-like C2-type	13107	1.0	1.0	1.0	inf	0.11074380165289258	1	1	1.0	0.0	66.0	538.0
Cross-link	4736	1.0	1.0	1.0	inf	0.001349527665317139	2	1	1.0	0.0	0.0	740.0
Binding site: substrate	5698	1.0	1.0	1.0	inf	0.0021231422505307855	1	1	1.0	0.0	0.0	470.0
Coiled coil	6712	1.0	1.0	1.0	inf	0.5591397849462365	3	1	1.0	0.0	51.0	41.333333333333336
Compositional bias: Acidic residues	4585	1.0	1.0	1.0	inf	0.044164037854889586	2	1	1.0	0.0	13.0	303.0
Compositional bias: Basic and acidic residues	9202	1.0	1.0	1.0	inf	0.036613272311212815	1	1	1.0	0.0	15.0	421.0
Compositional bias: Basic residues	12869	1.0	1.0	1.0	inf	0.01608187134502924	2	1	1.0	0.0	10.0	673.5
Compositional bias: Gly residues	4266	1.0	1.0	1.0	inf	0.21782178217821782	1	1	1.0	0.0	21.0	79.0
Domain: YcgL	11532	1.0	1.0	1.0	inf	0.7636363636363637	1	1	1.0	0.0	83.0	26.0
Binding site: heme b; proximal binding residue	930	1.0	1.0	1.0	inf	0.006329113924050633	1	1	1.0	0.0	0.0	157.0
Binding site: heme; axial binding residue	8424	1.0	1.0	1.0	inf	0.012048192771084338	1	1	1.0	0.0	0.0	82.0
Binding site: NADP(+)	5885	1.0	1.0	1.0	inf	0.048298729723648404	1	1	4.0	114.0	0.0	132.0
Binding site: Na(+)	6425	1.0	1.0	1.0	inf	0.050420168067226885	5	1	1.0	29.0	0.0	565.0
Binding site: Zn(2+)	4831	1.0	1.0	1.0	inf	0.20083682008368198	1	1	1.0	47.0	0.0	191.0
Region: Modulating	8392	1.0	1.0	1.0	inf	0.04596534412681495	6	2	2.0	0.0	207.8	764.6
Region: Pyrophosphorylase	5322	1.0	1.0	1.0	inf	0.48260869565217396	2	1	1.0	0.0	221.5	238.5
Region: Large ATPase domain (RuvB-L)	12869	1.0	1.0	1.0	inf	0.5152354570637119	3	1	1.0	0.0	185.0	175.33333333333334
Binding site: heme b; distal binding residue	1292	1.0	1.0	1.0	inf	0.006802721088435373	1	1	1.0	0.0	0.0	146.0
Topological domain: Cytoplasmic	12478	1.0	1.0	1.0	inf	0.13462563508009262	1	1	8.0	0.0	329.0	95.0
Topological domain: Extracellular	5877	1.0	1.0	1.0	inf	1.0	1	1	1.0	0.0	1021.0	0.0
Topological domain: Intravirion	5260	1.0	1.0	1.0	inf	1.6200215757334163e-13	1	1	10.0	0.0	27.0	583.0
Topological domain: Lumenal	2967	1.0	1.0	1.0	inf	0.05211672859755219	3	1	14.333333333333334	0.0	465.6666666666667	111.33333333333333
Topological domain: Mitochondrial intermembrane	8663	1.0	1.0	1.0	inf	0.8271604938271605	1	1	1.0	0.0	200.0	42.0
Topological domain: Mitochondrial matrix	3102	1.0	1.0	1.0	inf	0.4823529411764706	4	1	1.0	0.0	40.0	44.0
Topological domain: Periplasmic	11532	1.0	1.0	1.0	inf	0.10396039603960396	1	1	1.0	0.0	41.0	362.0
Compositional bias: Pro residues	718	1.0	1.0	1.0	inf	0.020242914979757085	1	1	1.0	0.0	9.0	484.0
Sequence uncertainty	10302	1.0	1.0	1.0	inf	0.0028735632183908046	1	1	1.0	0.0	0.0	347.0
Signal peptide	7	1.0	1.0	1.0	inf	0.0028103740233504653	3	2	2.0	0.0	42.0	777.0
Signal peptide: Tat-type signal	6232	1.0	1.0	1.0	inf	0.2571428571428572	1	1	1.0	0.0	35.0	104.0
Site: Transition state stabilizer	274	1.0	1.0	1.0	inf	0.001447178002894356	1	1	1.0	0.0	0.0	690.0
Region: Transactivation domain	12608	1.0	1.0	1.0	inf	0.09181631981910683	4	1	4.25	0.0	202.0	167.0
Region: RNA-binding	3847	1.0	1.0	1.0	inf	0.09693877551020408	1	1	1.0	0.0	18.0	177.0
Compositional bias: Low complexity	435	1.0	1.0	1.0	inf	0.08021390374331551	1	1	1.0	0.0	14.0	172.0
Compositional bias: Polar residues	8009	1.0	1.0	1.0	inf	0.2018348623853211	4	1	1.0	0.0	21.0	87.0
Region: Uridylyltransferase	5169	1.0	1.0	1.0	inf	0.3852908891328211	7	1	1.4285714285714286	0.0	350.42857142857144	560.1428571428571
Modified residue: Phosphotyrosine	8392	1.0	1.0	1.0	inf	0.002272727272727273	3	1	1.0	0.0	0.0	439.0
Mutagenesis	12478	1.0	1.0	1.0	inf	1.0	1	1	10.0	0.0	1012.0	0.0
Propeptide	4736	1.0	1.0	1.0	inf	0.40784313725490196	1	1	1.0	0.0	103.0	151.0
Propeptide: Activation peptide	10548	1.0	1.0	1.0	3.138888888888889	0.15732070172189305	2	2	2.0	21.0	24.0	791.0
Lipidation: S-geranylgeranyl cysteine	5873	1.0	1.0	1.0	inf	0.003257328990228013	1	1	1.0	0.0	0.0	306.0
Modified residue: 4-carboxyglutamate	13695	1.0	1.0	1.0	inf	0.6176470588235294	1	1	1.0	20.0	0.0	13.0
Modified residue: N-acetylalanine	5169	1.0	1.0	1.0	inf	0.011131725417439703	2	1	1.0	5.0	0.0	533.0
Region: Head	11018	1.0	1.0	1.0	inf	0.13157894736842105	1	1	1.0	0.0	84.0	561.0
Modified residue: N6-(pyridoxal phosphate)lysine	13755	1.0	1.0	1.0	inf	0.002617801047120419	1	1	1.0	0.0	0.0	381.0
Modified residue: N6-acetyllysine	6938	1.0	1.0	1.0	inf	0.005291005291005291	46	1	1.0	0.9782608695652174	0.0	188.02173913043478
Modified residue: N6-acetyllysine; alternate	8016	1.0	1.0	1.0	inf	0.020408163265306114	1	1	1.0	2.0	0.0	144.0
Modified residue: N6-succinyllysine	14406	1.0	1.0	1.0	inf	0.000948059314480188	14	2	2.0	25.0	0.0	834.75
Domain: tr-type G	4717	1.0	1.0	1.0	inf	0.2728706624605678	1	1	1.0	0.0	172.0	461.0
Glycosylation: N-linked (GlcNAc...) asparagine	3176	1.0	1.0	1.0	inf	0.002631578947368421	1	1	1.0	0.0	0.0	379.0
Glycosylation: N-linked (GlcNAc...) asparagine; by host	9032	1.0	1.0	1.0	inf	0.0045045045045045045	1	1	1.0	0.0	0.0	221.0
Active site: Proton acceptor	8424	1.0	1.0	1.0	inf	0.009523809523809523	2	1	1.0	0.0	0.0	104.0
Modified residue: N-acetylmethionine	6535	1.0	1.0	1.0	inf	0.0036363636363636364	2	1	1.0	1.0	0.0	548.0
Region: Homomultimerization	16375	1.0	1.0	1.0	inf	0.0462303771848421	1	1	5.0	0.0	289.0	248.0
Region: Framework-1	15381	1.0	1.0	1.0	inf	0.035434173669467786	1	1	2.0	0.0	21.0	97.0
Region: Framework-3	8677	1.0	1.0	1.0	inf	0.45967741935483863	1	1	1.0	56.0	0.0	67.0
Domain: ABC transporter 1	5109	1.0	1.0	1.0	inf	0.3652892561983472	1	1	1.0	0.0	220.0	384.0
Domain: 2Fe-2S ferredoxin-type	11190	1.0	1.0	1.0	inf	0.09070796460176991	2	1	1.5	0.0	81.5	822.0
Domain: ABC transporter	15696	1.0	1.0	1.0	inf	0.9953051643192489	1	1	1.0	0.0	211.0	1.0
DNA binding: Homeobox	15930	1.0	1.0	1.0	inf	1.0	1	1	16.0	0.0	44.0	0.0
DNA binding: TF-B3	9856	1.0	1.0	1.0	inf	0.9454545454545454	1	1	1.0	0.0	103.0	6.0
Modified residue: Phosphothreonine; by autocatalysis	842	1.0	1.0	1.0	inf	0.050156739811912224	2	1	1.0	31.0	0.0	606.0
Region: DNA-binding	3471	1.0	1.0	1.0	inf	0.11355311355311355	2	1	1.0	0.0	30.0	242.0
Region: Disordered	7359	1.0	1.0	1.0	inf	0.3387096774193548	2	1	1.0	0.0	41.0	82.0
Region: Amidoligase domain	1863	1.0	1.0	1.0	inf	0.4838709677419355	6	1	1.0	0.0	269.3333333333333	288.8333333333333
Region: Coil 2	10024	1.0	1.0	1.0	inf	0.00909090909090909	1	1	1.0	0.0	0.0	109.0
Propeptide: Removed in mature form	4062	1.0	1.0	1.0	inf	0.08189655172413793	6	1	1.0	0.0	18.166666666666668	213.5
Modified residue: N6-succinyllysine; alternate	4486	1.0	1.0	1.0	inf	0.035175879396984924	2	1	1.0	6.0	0.0	192.0
Modified residue: Phosphoserine	4633	1.0	1.0	1.0	inf	0.0014771048744460858	1	1	1.0	0.0	0.0	676.0
Modified residue: Phosphothreonine	5322	1.0	1.0	1.0	inf	0.005952380952380953	2	1	1.0	0.0	0.0	167.0
Region: Complementarity-determining-3	6008	1.0	1.0	1.0	inf	0.008333333333333333	1	1	1.0	0.0	0.0	119.0
DNA binding: Nuclear receptor	49	0.9999999403953552	0.9999999403953552	1.0	inf	0.20760233918128654	1	1	1.0	0.0	70.0	271.0
Domain: Ig-like V-type	6348	0.9999999403953552	0.9999999403953552	1.0	inf	0.859504132231405	1	1	1.0	0.0	103.0	17.0
Domain: ATP-cone	2685	0.9999999403953552	0.9999999403953552	1.0	inf	0.09903121636167922	1	1	1.0	0.0	91.0	837.0
Domain: JmjC	4585	0.9999999403953552	0.9999999403953552	1.0	inf	0.21026490066225165	1	1	1.0	0.0	126.0	477.0
Domain: Gla	1243	0.9999999403953552	0.9999999403953552	1.0	inf	0.11616161616161615	1	1	1.0	0.0	45.0	350.0
Domain: Sm	3914	0.9999999403953552	0.9999999403953552	1.0	inf	0.3978494623655914	2	1	1.0	0.0	73.0	112.0
Domain: Glutamine amidotransferase type-2	3140	0.9994505047798157	0.9994505047798157	1.0	inf	0.1573770491803279	1	1	257.0	0.0	47.0	1.0
Domain: DPCK	15333	0.9915325472939689	0.9915325472939689	1.0	inf	3.4217601155061545e-07	159	1	139.22641509433961	0.8050314465408805	58.36477987421384	13.937106918238994
Region: Regulatory domain	2530	0.9903841912746429	0.9903841912746429	1.0	inf	8.12255951316031e-09	4	1	21.0	0.0	230.75	344.25
Region: Nucleotide-binding domain (NBD)	6871	0.9877810938017709	0.9877810938017709	1.0	inf	0.3472411428141941	35	1	2.4571428571428573	0.0	383.0571428571429	268.4
Domain: Myosin motor	1821	0.9865988492965698	0.9865988492965698	1.0	11.015432098765432	0.0006832595147827274	1	1	166.0	1.0	648.0	43.0
Domain: ABM	14395	0.9857887740318592	0.9857887740318592	1.0	inf	0.10454257753542043	26	1	29.846153846153847	0.07692307692307693	60.15384615384615	6.384615384615385
Domain: Disintegrin	3742	0.9852913618087769	0.9852913618087769	1.0	inf	0.7195121951219512	2	1	23.5	0.0	58.5	1.0
Domain: IF rod	11431	0.9844161868095398	0.9844161868095398	1.0	inf	0.8465753424657534	1	1	1.0	0.0	308.0	56.0
Binding site: a divalent metal cation	13363	0.9787630384618585	0.9787630384618585	1.0	inf	0.9232616350600313	11	1	2.1818181818181817	465.45454545454544	0.0	19.181818181818183
Domain: Glutamine amidotransferase type-1	564	0.977473258972168	0.977473258972168	1.0	inf	0.2813411078717201	1	1	1.0	0.0	192.0	493.0
Domain: UmuC	12161	0.9764317274093628	0.9764317274093628	1.0	inf	0.5112359550561798	1	1	1.0	0.0	181.0	174.0
Domain: Tyrosine-protein phosphatase	11862	0.9715242385864258	0.9715242385864258	1.0	inf	0.5163636363636364	1	1	1.0	0.0	141.0	133.0
Domain: Cytochrome b561	4095	0.9662576845714024	0.9662576845714024	1.0	inf	1.4793775115833928e-19	35	1	133.31428571428572	0.5428571428571428	70.88571428571429	49.885714285714286
Domain: Response regulatory	4017	0.9662141799926758	0.9662141799926758	1.0	inf	0.3070652173913043	2	1	1.0	0.0	112.0	255.0
Domain: FAD-binding FR-type	6637	0.9653005599975586	0.9653005599975586	1.0	inf	0.42412451361867703	2	1	1.0	0.0	108.0	148.0
Domain: LCN-type CS-alpha/beta	4324	0.9577689170837402	0.9577689170837402	1.0	inf	0.3380234933605721	1	1	3.0	0.0	60.0	27.0
Domain: RRM 1	12188	0.9561331272125244	0.9561331272125244	1.0	inf	0.12421383647798741	1	1	1.0	0.0	78.0	557.0
DNA binding: HMG box	7063	0.9560997486114502	0.9560997486114502	1.0	inf	0.02316311797124438	2	1	2.0	0.0	66.0	376.0
Domain: SET	3664	0.954454779624939	0.954454779624939	1.0	inf	0.04642029448091148	1	1	4.0	0.0	221.0	258.0
Domain: ASCH	5258	0.9540289610992243	0.9540289610992243	1.0	7.105263157894737	0.006599398992817093	81	1	54.01234567901235	2.6296296296296298	38.04938271604938	10.209876543209877
Domain: Pyruvate carboxyltransferase	10299	0.9534685611724854	0.9534685611724854	1.0	inf	0.4990512333965844	4	1	1.0	0.0	262.0	264.5
Domain: USP	5524	0.9518868923187256	0.9518868923187256	1.0	4.243404255319149	1.7445272522032976e-05	2	1	277.0	10.0	235.0	36.0
Domain: Radical SAM core	10973	0.9480071067810059	0.9480071067810059	1.0	inf	0.761744966442953	1	1	1.0	0.0	226.0	71.0
Region: G1	10104	0.9475884887746449	0.9476477629260013	1.0	inf	5.417263046090227e-90	1117	9	72.0	284.24123638480086	0.0	5235.363890967546
Domain: S4 RNA-binding	4841	0.9473378459612528	0.9473378459612528	1.0	inf	0.25206611570247933	3	1	1.0	0.0	60.0	181.0
Domain: PH	7164	0.9455776453018189	0.9455776453018189	1.0	2.3466666666666667	0.4003999573191251	5	1	44.4	1.4	75.6	4.8
Domain: bHLH	435	0.9419730305671692	0.9419730305671692	1.0	inf	0.4907407407407408	2	1	1.0	0.0	52.0	55.0
Domain: Fe/B12 periplasmic-binding	15333	0.9418688625097275	0.9418688625097275	1.0	10.490066225165563	5.976184781777455e-19	35	2	360.0333333333333	15.666666666666668	151.7	66.1
Domain: GRAS	4128	0.9418384324281643	0.9485361884037653	1.0	461.6826484018265	1.162357638851663e-222	42	4	1101.9051282051282	3.3435897435897437	438.07435897435903	551.5153846153846
Domain: ATP-grasp	9968	0.93454909324646	0.93454909324646	1.0	inf	0.5288683602771362	2	1	1.0	0.0	228.0	204.0
Domain: HDAg	10395	0.9326239015374865	0.9326239015374865	1.0	5.285714285714286	0.00012745724405473945	14	1	111.85714285714286	7.571428571428571	63.857142857142854	21.214285714285715
Domain: RNase H type-2	15405	0.9320979710890537	0.9286781000463586	1.0	206.44030563514804	1.1946099807973684e-114	98	5	653.2739035087719	3.118640350877193	349.91074561403514	331.29890350877196
DNA binding	2712	0.9305194616317749	0.9305194616317749	1.0	inf	0.0907343091044406	2	2	2.0	0.0	208.0	486.0
Disulfide bond	2974	0.9259387254714966	0.9259387254714966	1.0	inf	0.6517150395778364	2	1	1.0	0.0	246.0	132.0
Domain: GS beta-grasp	8312	0.9227116703987122	0.9227116703987122	1.0	inf	0.2204301075268817	2	1	1.0	0.0	81.5	290.5
Region: Framework-4	12936	0.9187698364257812	0.9187698364257812	1.0	inf	4.972432896183981e-07	1	1	10.0	21.0	0.0	86.0
Domain: SH2	5971	0.9187313467264175	0.9187313467264175	1.0	14.4375	0.00041738168970541364	8	1	33.25	1.5	64.25	28.75
Domain: 4Fe-4S ferredoxin-type 1	7279	0.9139659404754639	0.9139659404754639	1.0	inf	0.36708860759493667	1	1	1.0	0.0	28.0	50.0
Domain: Toprim	5412	0.9138560891151428	0.9138560891151428	1.0	inf	0.5027932960893855	2	1	1.0	0.0	89.5	89.0
Zinc finger: C2H2-type	3950	0.9120838046073914	0.9120838046073914	1.0	inf	0.07506702412868632	1	1	1.0	0.0	27.0	345.0
Domain: ABC transmembrane type-1	5635	0.9095817804336548	0.9095817804336548	1.0	inf	0.49286846275752777	1	1	1.0	0.0	310.0	320.0
Domain: LIM zinc-binding 1	4358	0.9061110615730286	0.9061110615730286	1.0	inf	0.2857142857142857	1	1	1.0	0.0	61.0	155.0
Helix	4581	0.903420090675354	0.903420090675354	1.0	inf	0.8658536585365854	1	1	1.0	0.0	70.0	11.0
Binding site: [4Fe-4S] cluster	7808	0.8984751225480379	1.0	1.0	978.6785009861933	0.0	743	63	354.530303030303	845.2945441235477	9.3	21025.72566134701
Transmembrane: Helical; Signal-anchor for type II membrane protein	7678	0.8984413146972656	0.8984413146972656	1.0	inf	0.05301204819277109	1	1	1.0	0.0	21.0	393.0
DNA binding: T-box	8963	0.8959536208992913	0.9000952243804932	1.0	181.38021149872372	0.0	58	7	795.084126984127	19.914285714285715	433.6936507936507	1877.4222222222222
Domain: AB hydrolase-1	3960	0.8957445621490479	0.8957445621490479	1.0	1.8995098039215685	0.05040577135369555	1	1	155.0	17.0	96.0	20.0
DNA binding: Fork-head	8963	0.8926817511518795	0.8839116111397743	1.0	9618.311688311689	0.0	43	10	702.5999999999999	1.5	231.14999999999998	3165.75
Domain: Calponin-homology (CH)	10307	0.8902330994606018	0.8902330994606018	1.0	inf	0.17151162790697674	4	1	1.0	0.0	117.5	570.75
Domain: UBA	6396	0.8878295421600342	0.8878295421600342	1.0	inf	0.004171881518564872	1	1	2.0	0.0	38.0	572.0
Domain: C2	817	0.8851596117019653	0.8851596117019653	1.0	inf	0.047358223414561446	1	1	2.0	0.0	122.0	444.0
Domain: FERM	11858	0.8805690714054638	0.8914330701033275	1.0	31.226027397260275	1.8782624375957842e-240	24	4	776.4999999999999	72.94444444444444	438.9444444444444	1269.6666666666667
Binding site: NAD(+)	16311	0.8780770301818848	0.8780770301818848	1.0	inf	0.15280898876404495	2	1	1.0	0.0	67.0	377.0
Domain: Peptidase S8	4834	0.8766533136367798	0.8766533136367798	1.0	5.684210526315789	3.950965348023486e-06	1	1	54.0	6.0	190.0	120.0
Active site: Acyl-ester intermediate	11421	0.875	0.875	1.0	inf	0.010948905109489052	4	1	1.0	2.25	0.0	271.5
Domain: Laminin G-like	13380	0.8708140045404434	0.8708140045404434	1.0	25.256869772998805	2.509088047285687e-109	17	2	315.2714285714286	93.24285714285715	81.55714285714285	604.8428571428572
Domain: BPL/LPL catalytic	3277	0.8686227897802989	0.8686227897802989	1.0	3.854895104895105	1.2377776151650817e-09	4	2	280.3333333333333	52.33333333333333	88.33333333333334	63.0
Zinc finger: PHD-type	2692	0.8663190007209778	0.8663190007209778	1.0	inf	0.11478599221789884	1	1	1.0	0.0	58.0	455.0
Domain: VWFA	9894	0.8627074658870697	0.8627074658870697	1.0	4.323636363636363	0.0011763597280282886	2	1	82.5	5.0	110.5	29.0
Domain: PPIase FKBP-type	5802	0.8607207238674164	0.8607207238674164	1.0	inf	0.36666666666666664	2	1	1.0	0.0	87.5	152.0
Domain: Rhodanese	11691	0.8590724468231201	0.8590724468231201	1.0	2.976923076923077	0.0425444375227002	1	1	43.0	4.0	65.0	18.0
Domain: Fibronectin type-III 1	9859	0.8588371872901917	0.8588371872901917	1.0	inf	0.3081761006289308	1	1	1.0	0.0	97.0	220.0
Domain: BTB	7094	0.8563790321350098	0.8563790321350098	1.0	inf	0.14653465346534655	2	1	1.0	0.0	73.0	431.0
Region: Flexible region	15568	0.8489943780004978	0.8489943780004978	1.0	8.367768595041323	3.27438242212272e-12	32	1	75.5	121.46875	10.1875	135.21875
Region: Switch-I	3589	0.8468576196121843	0.8468576196121843	1.0	inf	4.577769677567394e-17	74	2	23.0	165.21917808219177	0.0	731.1780821917808
Domain: TNase-like	8374	0.8424617557062043	0.8558853194117546	1.0	13.315359477124183	5.322100971587485e-65	33	3	406.83333333333337	119.33333333333334	72.08333333333334	281.58333333333337
Domain: MPN	2014	0.8376626968383789	0.8376626968383789	1.0	inf	0.11350077866070361	1	1	3.0	0.0	151.0	163.0
DNA binding: ETS	1018	0.8324292762648492	0.9187188267707824	1.0	141.92990777338602	0.0	35	7	526.25	165.55	46.5	2048.958333333333
Zinc finger: CCHC-type	12693	0.8317326307296753	0.8317326307296753	1.0	inf	0.0025195138820274677	3	1	2.0	0.0	16.0	331.3333333333333
Region: Sigma-70 factor domain-2	16084	0.829430103302002	0.829430103302002	1.0	inf	0.3173913043478261	1	1	1.0	0.0	72.0	157.0
Domain: WAP	13626	0.828256175986358	0.828256175986358	1.0	inf	1.8063848120737579e-34	32	2	64.17857142857143	0.0	30.642857142857142	139.75
Region: Serine protease	5260	0.8279916848987341	0.8279916848987341	1.0	21.008130081300813	5.26359798652122e-89	17	2	306.6875	82.0	81.75	456.875
Domain: HTH cro/C1-type	7941	0.8216351866722107	0.8216351866722107	1.0	inf	0.10350745679791684	1	1	3.0	0.0	52.0	61.0
Domain: EF-hand 1	818	0.8191491961479187	0.8191491961479187	1.0	inf	0.18367346938775508	1	1	1.0	0.0	35.0	160.0
Domain: NAC-A/B	12415	0.8184150457382202	0.8184150457382202	1.0	inf	0.4203821656050954	1	1	1.0	0.0	65.0	91.0
Domain: SAM	2376	0.8121373653411865	0.8121373653411865	1.0	inf	0.0006725527950069928	1	1	3.0	0.0	61.0	656.0
Domain: LisH	3664	0.8098885416984558	0.8098885416984558	1.0	inf	0.03228962818003914	1	1	1.0	0.0	32.0	989.0
Transmembrane: Helical; Name=8	12174	0.8079141279061635	0.8079141279061635	1.0	829.8888888888889	5.624537994803739e-43	10	2	28.5	12.0	3.5	1067.3333333333335
Domain: SH3	7789	0.807560384273529	0.807560384273529	1.0	inf	0.09287925696594426	1	1	1.0	0.0	59.0	586.0
Domain: GAF	5389	0.8055360317230225	0.8055360317230225	1.0	inf	0.09821428571428571	1	1	2.0	0.0	119.0	264.0
Region: Dimerization	1901	0.8042391737302145	0.8042391737302145	1.0	11.306729264475743	1.4936145190525125e-23	6	1	75.33333333333333	27.833333333333332	71.66666666666667	289.0
Region: Catalytic	12389	0.797160267829895	0.797160267829895	1.0	1.7619047619047619	0.020402288921448145	1	1	148.0	24.0	203.0	58.0
Region: Reductase	4007	0.7957931756973267	0.7957931756973267	1.0	2.847200253084467	8.08755817838266e-05	1	1	225.0	109.0	29.0	40.0
Zinc finger: RING-type	10164	0.7954109907150269	0.7954109907150269	1.0	inf	0.007054629600675443	1	1	2.0	0.0	46.0	518.0
Zinc finger: NR C4-type	531	0.7951468229293823	0.7951468229293823	1.0	16.0	0.1192056387302567	1	1	1.0	1.0	20.0	320.0
Zinc finger: RING-type; atypical	10137	0.793988823890686	0.793988823890686	1.0	inf	0.08855291576673867	1	1	1.0	0.0	40.0	422.0
Domain: Myosin N-terminal SH3-like	8263	0.7856388092041016	0.7856388092041016	1.0	inf	0.04892367906066535	1	1	1.0	0.0	49.0	972.0
Domain: PDZ 1	4488	0.7813558578491211	0.7813558578491211	1.0	inf	0.15399239543726237	8	1	1.125	0.0	80.875	445.625
Intramembrane: Helical; Name=Pore helix	5509	0.775047131249162	0.775047131249162	1.0	inf	1.2173048117411283e-12	61	1	12.0	45.68852459016394	0.0	454.75409836065575
Zinc finger: C2H2-type 1	16087	0.7739845514297485	0.7739845514297485	1.0	inf	0.023483365949119372	1	1	1.0	0.0	23.0	998.0
Domain: HD	4982	0.7701497673988342	0.7701497673988342	1.0	11.7	0.002005454979729919	1	1	15.0	1.0	100.0	78.0
Region: Acyltransferase	10230	0.7664556503295898	0.7664556503295898	1.0	inf	0.0053786857600957765	5	1	3.0	0.0	121.0	579.0
Domain: THUMP	14598	0.7650475800037384	0.7650475800037384	1.0	inf	0.09938482017113251	2	2	2.0	0.0	231.0	505.0
Domain: DH	11037	0.7615593373775482	0.7615593373775482	1.0	3.5814257684761284	0.0001563199668762576	2	1	37.0	11.0	139.0	148.0
Region: Tail	10809	0.7583460807800293	0.7583460807800293	1.0	inf	2.8459803695272527e-08	1	1	38.0	512.0	0.0	308.0
Domain: ZP	4095	0.7577221523526878	0.7787695314202989	1.0	14.235804463591217	0.0	30	8	1658.0595238095239	619.9166666666666	324.82142857142856	1722.2380952380952
Domain: GOLD	4095	0.749673037656716	0.749673037656716	1.0	3.7548348106365834	7.555493238520174e-11	32	2	109.10714285714286	68.60714285714286	73.35714285714286	171.14285714285714
Domain: CBS 1	14754	0.745453953742981	0.745453953742981	1.0	inf	0.15833333333333333	1	1	2.0	0.0	56.0	87.0
Region: RNAPII-binding	10041	0.7446306195014563	0.7446306195014563	1.0	14.596491228070175	0.00022688568955755992	39	1	64.15384615384616	114.05128205128206	1.8461538461538463	26.487179487179485
Region: Hinge	14043	0.7419576857771192	0.7419576857771192	1.0	12.384341637010676	0.0004667420682478107	14	1	29.928571428571427	281.7142857142857	1.1428571428571428	120.0
Region: Basic motif	9846	0.7410686180146054	0.7470852434635162	1.0	63.36295140528444	0.0	66	33	582.3666666666667	727.3944444444444	134.43333333333334	10606.622222222222
Topological domain: Vesicular	4643	0.7404647817990432	0.7973422408103943	1.0	29.121794871794872	4.60193760829392e-44	27	4	84.45833333333333	117.625	16.875	649.5833333333334
DNA binding: Zn(2)-C6 fungal-type	5475	0.7358842640263694	0.7381492853164673	1.0	72.01892883345562	0.0	50	25	417.04761904761904	235.71428571428572	319.95238095238096	12947.380952380952
Domain: PB1	9968	0.7337560653686523	0.7337560653686523	1.0	inf	0.1407035175879397	2	1	1.0	0.0	83.0	513.0
Domain: Fe2OG dioxygenase	4128	0.7336183046117241	0.7790803909301758	1.0	8.329153326218428	3.0165153636173785e-146	35	9	787.8666666666667	937.1722222222222	180.46666666666667	1785.5611111111111
Region: Framework-2	5133	0.7268979722633958	0.7268979722633958	1.0	55.30952380952381	1.078636984227766e-17	168	2	23.2078125	12.45625	7.509375	202.0453125
Region: Coil 1A	14358	0.7263146638870239	0.7263146638870239	1.0	inf	0.08767123287671233	1	1	1.0	0.0	31.0	333.0
Domain: Rho-GAP	1980	0.725115180015564	0.725115180015564	1.0	4.824742268041237	0.066772928855208	1	1	4.0	2.0	194.0	468.0
Domain: Ig-like C2-type 1	6197	0.7241977453231812	0.7241977453231812	1.0	inf	0.0013965965749386361	2	1	5.0	0.0	91.0	256.0
Domain: Cupin type-1 1	3026	0.7234476804733276	0.7234476804733276	1.0	inf	0.500907441016334	1	1	1.0	0.0	275.0	275.0
Region: G5	6052	0.7222222089767456	0.7222222089767456	1.0	inf	8.74963976570545e-06	2	1	3.0	10.0	0.0	569.0
Site: Could be important to modulate the pK values of the two catalytic cysteine residues	8005	0.7187489927093559	0.7187489927093559	1.0	inf	0.0028051802328299593	428	1	2.0	14.925233644859814	0.0	277.36915887850466
Region: Substrate-binding (SBD)	8486	0.71853107213974	0.71853107213974	1.0	4.336134453781512	0.001366562446770515	1	1	15.0	7.0	85.0	172.0
Domain: NR LBD	8845	0.7177981690187067	0.7184725999832153	1.0	10.979572864936273	0.0	176	11	2340.5937957012816	997.0908692729274	410.8440706579748	1918.2026518775724
Region: 3 X 8 AA repeats of S-P-R-R-R-[PR]-S-Q	12551	0.7160145085911418	0.7160145085911418	1.0	526.6666666666666	1.5898715940003796e-21	43	1	20.906976744186046	3.7906976744186047	2.0930232558139537	158.97674418604652
Domain: PRC barrel	12020	0.712755560874939	0.712755560874939	1.0	1.847545219638243	0.019919705414504538	1	1	65.0	45.0	43.0	55.0
Domain: Laminin G-like 1	9048	0.7087226907412211	0.7087226907412211	1.0	26.546242774566473	2.8093041297616744e-07	3	1	11.0	2.6666666666666665	173.0	835.3333333333334
Domain: BRCT	3988	0.7022420763969421	0.7022420763969421	1.0	inf	0.018403547671840357	1	1	2.0	0.0	82.0	532.0
Region: AMP-binding	11858	0.7017738580703735	0.7017738580703735	1.0	2.7091836734693877	1.2278017569883686e-10	5	1	261.2	116.8	147.4	177.6
Region: 3 X 8 AA repeats of S-P-R-R-R-R-S-Q	14244	0.7014050628199722	0.7014050628199722	1.0	235.6	9.740717061882831e-20	33	1	19.87878787878788	5.9393939393939394	3.121212121212121	186.9090909090909
Domain: Alphavirus-like MT	11284	0.6992592811584473	0.6992592811584473	1.0	inf	1.355337577937973e-26	3	1	34.0	0.3333333333333333	157.0	830.6666666666666
Beta strand	12384	0.6974353790283203	0.6974353790283203	1.0	inf	0.2103174603174603	1	1	1.0	0.0	52.0	199.0
Transmembrane: Helical; Anchor for type IV membrane protein	12899	0.6961643097290904	0.8129113912582397	1.0	109.21401515151516	3.391335062152754e-185	56	13	190.0872727272727	66.36	80.31272727272727	3035.2551515151517
Domain: bZIP	8963	0.6940277413016668	0.7296279668807983	1.0	45.617258297258296	0.0	53	24	1030.7222222222222	375.30555555555554	462.3888888888889	7673.5
Domain: ABC transmembrane type-2 1	15214	0.6918628811836243	0.6918628811836243	1.0	12.832893247831008	1.6528137711243186e-48	6	1	180.66666666666666	241.0	33.0	567.3333333333334
Binding site: L-tyrosine	8489	0.6905055615919918	0.6905055615919918	1.0	inf	0.0008496176720475785	398	1	2.8442211055276383	11.517587939698492	0.24120603015075376	416.70603015075375
Binding site: ATP	7340	0.6879246830940247	0.6879246830940247	1.0	inf	0.05759162303664922	2	1	1.0	0.0	10.0	180.0
Domain: B30.2/SPRY	1018	0.6878101276506109	0.6868305504322052	1.0	11.844444444444445	6.437459569194835e-197	92	6	902.7280701754386	528.0131578947369	210.65350877192984	1456.9605263157894
Region: Linker 2	4362	0.6865226030349731	0.6865226030349731	1.0	18.72340425531915	5.102647762956163e-07	1	1	16.0	188.0	2.0	440.0
Zinc finger	8802	0.679440404687609	0.679440404687609	1.0	inf	0.08968609865470852	7	1	1.7142857142857142	0.0	19.285714285714285	203.28571428571428
Domain: Tyr recombinase	13636	0.6762639880180359	0.6762639880180359	1.0	2.5625	0.008448839348316894	1	1	55.0	11.0	80.0	41.0
Domain: Helicase ATP-binding	16093	0.6683433055877686	0.6683433055877686	1.0	inf	0.3440643863179074	2	1	1.0	0.0	170.0	326.0
Domain: Gnk2-homologous 1	8676	0.6622759103775024	0.6622759103775024	1.0	inf	0.16352201257861634	1	1	1.0	0.0	103.0	532.0
Binding site: a nucleoside 3',5'-cyclic phosphate	11591	0.6570273637771606	0.6570273637771606	1.0	3.251810401579987	9.559953806520373e-07	5	1	89.8	98.0	31.2	111.0
Binding site: DNA	5224	0.6547619104385376	0.6547619104385376	1.0	inf	0.00388651379712398	4	1	2.0	14.0	0.0	233.0
Region: Actin-binding	13600	0.6545838117599487	0.6545838117599487	1.0	19.152838427947597	2.5245019218629057e-06	2	1	172.5	458.5	1.5	51.0
Zinc finger: C3H1-type	3347	0.6537965536117554	0.6537965536117554	1.0	inf	0.04418262150220913	1	1	1.0	0.0	29.0	649.0
Domain: NB-ARC	5838	0.64443638920784	0.64443638920784	1.0	2.397511848341232	1.7190633544986183e-05	2	1	95.0	40.0	211.0	213.0
Region: Handle region	11261	0.6422072118148208	0.6422072118148208	1.0	20.11242603550296	3.137010976625742e-10	32	1	66.90625	169.03125	2.84375	103.59375
Domain: SIS 1	4983	0.6394672393798828	0.6394672393798828	1.0	inf	0.003659902249325414	3	1	6.0	0.0	129.0	205.0
Domain: RGS	5707	0.6386693716049194	0.6386693716049194	1.0	9.086538461538462	4.362133278646691e-06	2	1	21.0	4.0	104.0	180.0
Region: Switch-II	4565	0.6370076758520944	0.6370076758520944	1.0	inf	4.273071871523926e-31	71	2	36.01428571428572	111.97142857142856	0.014285714285714285	771.6571428571428
Domain: MCM C-terminal AAA(+) ATPase	15214	0.6286763787269593	0.6672263145446777	1.0	5.689584751531654	4.6741747713550065e-57	12	3	398.0	113.5	611.1	987.9
Region: N-acetyltransferase	6995	0.6272018069544196	0.6272018069544196	1.0	5.087878787878788	2.7935905192599087e-16	613	1	115.86786296900489	55.76508972267537	90.86623164763458	219.1109298531811
Domain: PI3K/PI4K catalytic	1512	0.627152144908905	0.627152144908905	1.0	9.897369635440702	8.514727546667563e-47	2	1	183.0	197.5	55.5	586.0
Domain: ACT	5004	0.626244068145752	0.626244068145752	1.0	inf	0.17002237136465323	2	1	1.0	0.0	75.0	371.0
Domain: CTLH	1139	0.6185550093650818	0.6185550093650818	1.0	23.970588235294116	1.8571797523600466e-23	1	1	45.0	12.0	51.0	326.0
Domain: Histidine kinase	1018	0.6167833866517404	0.6124286284813514	1.0	4.812046184977979	0.0	65	28	4182.302564102563	2710.119413919414	1767.1838827838828	5510.3725274725275
Domain: PCI	3848	0.6145905256271362	0.6145905256271362	1.0	3.36	0.000720103890982581	1	1	45.0	9.0	125.0	84.0
Domain: Guanylate cyclase	4128	0.6094251205072259	0.626520291873903	1.0	5.461511111111111	2.314348830120573e-52	16	4	372.8787878787879	625.2121212121212	108.39393939393939	991.6060606060606
Region: G2	3589	0.6067504191184399	0.6117777824401855	1.0	inf	1.1379370611130826e-39	1117	9	44.997156398104266	703.7396067182173	0.002843601895734597	4842.865520634128
Domain: FHA	108	0.6009541451931	0.6009541451931	1.0	inf	2.0334512701980883e-07	2	1	6.0	0.0	54.0	692.0
Transmembrane: Helical; Name=Segment S6	4186	0.596574945135807	0.754263638110643	1.0	24.70807453416149	6.045583449667792e-32	96	3	51.552434456928836	161.79775280898878	16.863295880149813	1248.6610486891386
Zinc finger: C2H2-type 2	13074	0.5935842990875244	0.5935842990875244	1.0	inf	0.09366901147723065	2	1	2.0	0.0	21.0	51.0
Intramembrane: Discontinuously helical	5006	0.5927388648624006	0.5927388648624006	1.0	31.823809523809523	3.5446486750326973e-28	25	2	41.826086956521735	21.82608695652174	30.434782608695652	489.7391304347826
Region: Activation loop	512	0.5907180607318878	0.5907180607318878	1.0	64.70582010582011	3.350469178697594e-38	4	2	47.0	135.0	7.0	1301.0
Region: Leucine repeat I (LRI)	12116	0.5881994962692261	0.5881994962692261	1.0	12.007894736842106	1.3648056762102625e-06	2	1	13.0	5.0	76.0	351.0
Binding site: 1-deoxy-D-xylulose 5-phosphate	15712	0.5877511673584217	0.5877511673584217	1.0	inf	0.00016770082173402648	410	1	2.9585365853658536	0.43658536585365854	2.0634146341463415	264.28536585365856
Domain: Helicase C-terminal	15276	0.5876505937586585	0.5907540263668183	1.0	8.3897564170619	0.0	168	32	2599.5374898346436	2158.6215008584077	2247.1239812053855	15653.73975557965
DNA binding: H-T-H motif	4207	0.5871930718421936	0.5871930718421936	1.0	inf	0.3181818181818182	1	1	1.0	0.0	34.0	75.0
Domain: CUE	13716	0.5858137607574463	0.5858137607574463	1.0	inf	5.694805703689101e-08	1	1	6.0	0.0	38.0	627.0
Zinc finger: B box-type	591	0.5846036076545715	0.5846036076545715	1.0	inf	0.09610983981693362	1	1	1.0	0.0	41.0	395.0
Domain: CoA carboxyltransferase C-terminal	491	0.5830888748168945	0.5830888748168945	1.0	2.010344827586207	0.00025384483193056017	1	1	106.0	60.0	145.0	165.0
Region: Leucine-zipper	14848	0.5829782485961914	0.5829782485961914	1.0	inf	0.050427350427350436	2	1	2.0	0.0	57.0	202.0
Region: Complementarity-determining-1	640	0.5805496649625592	0.5805496649625592	1.0	8.954545454545455	7.159236470633896e-06	167	2	12.77744391025641	22.161057692307693	12.512219551282051	197.8193108974359
Domain: PTS EIIB type-1	5258	0.5763848147741178	0.5763848147741178	1.0	7.422321428571428	8.18806089528626e-16	41	1	51.48780487804878	112.97560975609755	30.5609756097561	489.9756097560976
Region: Complementarity-determining-2	126	0.5732145548681729	0.5732145548681729	1.0	73.7	9.621231220829021e-09	168	2	11.7	30.5375	1.5734375	201.4078125
Region: Substrate-binding domain (SBD)	3091	0.5685676038265228	0.5685676038265228	1.0	2.7991275446614043	3.2066913531156266e-10	8	1	147.125	166.5	87.25	275.25
Domain: Laminin G-like 2	5258	0.5675615191459655	0.5675615191459655	1.0	10.525874125874125	1.1502698538649771e-39	5	1	159.6	260.6	33.0	568.8
Binding site: 3-amino-2-oxopropyl phosphate	7307	0.5626931324049279	0.5626931324049279	1.0	181.5	5.375032846548792e-05	270	1	3.588888888888889	4.762962962962963	1.4111111111111112	242.1925925925926
Binding site: D-ribose 5-phosphate	15826	0.5565101525902209	0.5565101525902209	1.0	301.0	0.0003840362719721193	221	1	2.923076923076923	1.334841628959276	2.076923076923077	301.7873303167421
Zinc finger: C3H1-type 1	9178	0.5541843175888062	0.5541843175888062	1.0	inf	0.13181818181818183	2	1	1.0	0.0	28.0	191.0
Region: Sigma-70 factor domain-3	10054	0.55417508058224	0.564684082354818	1.0	15.797236453966775	9.874590541530902e-51	62	3	110.26132404181183	57.62369337979094	113.8850174216028	925.2334494773519
Domain: Ras-GEF	9846	0.5526806590635152	0.4627609848976135	1.0	6.690472581648771	4.5053168080150926e-204	27	8	1030.9761904761904	538.5238095238095	932.2619047619048	3257.809523809524
Domain: Biotinyl-binding	11777	0.5489590791138735	0.5489590791138735	1.0	7.998687664041995	3.0751725359116756e-16	11	1	53.27272727272727	127.18181818181819	24.636363636363637	460.90909090909093
Domain: AGC-kinase C-terminal	5075	0.5487740981384173	0.5688971132040024	1.0	inf	1.325194281822815e-296	60	8	287.8018018018018	0.0	308.0765765765766	4319.70945945946
Transmembrane: Helical; Name=Segment S1	10837	0.5477699637413025	0.5477699637413025	1.0	15.5	0.0077441948072758645	1	1	3.0	2.0	18.0	186.0
Transmembrane: Helical; Name=3	7133	0.546298086643219	0.546298086643219	1.0	inf	1.79608422711481e-15	1	1	10.0	0.0	11.0	468.0
Region: Small ATPAse domain (RuvB-S)	6677	0.5414136746030412	0.5414136746030412	1.0	42.6	1.9639984791041991e-19	734	1	30.655313351498638	5.884196185286103	40.33923705722071	284.1525885558583
Region: Coil 1B	11858	0.5398621968924999	0.5398621968924999	1.0	4.885045422781272	9.076084459765884e-10	8	1	41.75	53.0	54.25	341.375
Domain: Thyroglobulin type-1	4095	0.5331588083731406	0.6376984931528569	1.0	11.864344965675057	1.3064225124077671e-83	66	5	251.40530303030303	304.25454545454545	92.2128787878788	1322.6931818181818
Binding site: FMN	16031	0.5280348062515259	0.5280348062515259	1.0	5.047058823529412	1.480102747058607e-07	1	1	45.0	85.0	15.0	143.0
Binding site: AMP	12777	0.5276600457727909	0.5276600457727909	1.0	1.7026976744186046	0.1908730179374774	3	2	26.0	1075.0	5.0	352.0
Domain: EGF-like 1	718	0.5243178606033325	0.5243178606033325	1.0	inf	0.07230769230769232	1	1	1.0	0.0	46.0	603.0
Region: Linker	12075	0.5227081775665283	0.5227081775665283	1.0	1.5636363636363637	0.40152556373427456	1	1	5.0	275.0	3.0	258.0
Domain: B5	10866	0.5211602449417114	0.5211602449417114	1.0	2.71875	0.003521780397591897	1	1	99.0	396.0	8.0	87.0
Domain: ACT 1	307	0.5181973576545715	0.5181973576545715	1.0	4.228571428571429	6.445356539774634e-07	2	1	36.0	35.0	45.0	185.0
Domain: PTS EIIA type-1	3686	0.5109311407659112	0.5109311407659112	1.0	20.602272727272727	8.296361174113882e-28	41	1	49.853658536585364	24.585365853658537	55.146341463414636	555.4146341463414
Binding site: FAD	14648	0.5099263191223145	0.5099263191223145	1.0	inf	0.06743421052631579	1	1	1.0	0.0	40.0	567.0
Transmembrane: Helical; Voltage-sensor; Name=Segment S4	11549	0.5093437433242798	0.5093437433242798	1.0	55.714285714285715	1.3372719256182785e-13	3	1	13.0	14.333333333333334	8.0	480.0
Zinc finger: Phorbol-ester/DAG-type 1	1950	0.5084326267242432	0.5084326267242432	1.0	11.94	0.15110140957598583	1	1	1.0	1.0	50.0	597.0
Domain: Fibronectin type-III 2	13871	0.5071144104003906	0.5071144104003906	1.0	1.9841269841269842	0.008447899652891363	2	1	40.0	40.0	63.0	125.0
Region: Uridylyl-removing	8222	0.5044683880276151	0.5044683880276151	1.0	4.573407202216067	1.2867241527115275e-14	9	1	91.0	38.0	266.6666666666667	508.3333333333333
Transmembrane: Helical; Name=12	15	0.5034897029399872	0.5034897029399872	1.0	inf	2.4583961801467034e-18	4	1	21.0	81.75	0.0	541.75
Region: RCL	706	0.5032215100970674	0.5032215100970674	1.0	11.162790697674419	5.857497815799647e-14	51	2	32.361702127659576	129.3404255319149	14.787234042553191	630.1914893617021
Binding site: pyridoxal 5'-phosphate	12282	0.4958005898139056	0.4958005898139056	1.0	375.0	0.010567976085217463	17	1	1.0	1.3529411764705883	1.0	375.8235294117647
Zinc finger: C4-type	14213	0.48986852169036865	0.48986852169036865	1.0	inf	0.00214301827205053	1	1	3.0	0.0	18.0	135.0
Intramembrane	15265	0.48920603924327427	0.48920603924327427	1.0	17.198795180722893	1.1574304107902196e-15	14	2	35.0	166.06666666666666	7.0	571.3111111111111
Region: G3	15444	0.4883951594432195	0.4883951594432195	1.0	74.22222222222223	0.0027162954347533853	12	1	2.8333333333333335	9.416666666666666	1.1666666666666667	334.3333333333333
Region: LID domain	14181	0.4875014917925	0.4875014917925	1.0	6.428571428571429	0.0014970986972285066	64	1	9.53125	35.5	5.40625	125.484375
Transmembrane: Helical; Name=5	8840	0.48598259687423706	0.48598259687423706	1.0	52.96875	2.603854901766125e-10	1	1	20.0	128.0	1.0	339.0
Region: SAW	1867	0.4848025199694511	0.4874874124924342	1.0	19.63841254287114	4.562211988633017e-99	42	4	196.97179487179488	157.3794871794872	104.28461538461539	1636.2025641025639
Domain: Gnk2-homologous 2	6154	0.4812753480160696	0.4677736172600398	1.0	4.80198732718894	5.997161150709498e-31	139	3	190.7333780460541	217.48128772635815	128.61949474625533	702.0947909680303
Domain: RdRp catalytic	4128	0.48124201595783234	0.4440985918045044	1.0	3.748471284121338	8.607658281940993e-42	5	4	279.0	393.5	382.0	2017.5
Turn	12375	0.48053133487701416	0.48053133487701416	1.0	inf	0.04780876494023904	1	1	1.0	0.0	11.0	239.0
Propeptide: Removed by sortase	277	0.4798445313104561	0.4798445313104561	1.0	11.143308080808081	6.779686310179034e-18	18	2	38.714285714285715	132.89285714285714	24.285714285714285	929.1071428571429
Binding site: GTP	10104	0.4783887702684436	0.51809641122818	1.0	35.235127177582015	0.0	2291	58	513.9873553937866	1103.1763616583191	307.9572704557979	23258.960107848274
Region: G4	11066	0.47542614294321495	0.47735155125459033	1.0	144.3287037037037	7.647908616089592e-37	1117	9	29.590389678778305	180.48039549901608	6.409610321221695	5375.12473185333
Binding site: UDP-N-acetyl-alpha-D-glucosamine	10413	0.4716357702847387	0.4716357702847387	1.0	7.493975903614458	0.00011040044360864571	612	2	9.750819672131147	83.07868852459016	9.680327868852459	622.1639344262295
Domain: Ig-like C2-type 2	2515	0.47107940912246704	0.47107940912246704	1.0	inf	0.054751450100287306	1	1	2.0	0.0	99.0	329.0
Region: Nucleotide-binding (NBD)	1724	0.4664963748719957	0.4664963748719957	1.0	6.046022353714662	5.6386017268440795e-11	36	1	38.27777777777778	26.63888888888889	117.0	484.8888888888889
Region: Head domain (RuvB-H)	2085	0.46587973966278845	0.46587973966278845	1.0	8.276190476190477	5.5774790940075786e-06	716	1	79.93994413407822	210.34916201117318	3.7960893854748603	66.95810055865921
Binding site: L-glutamine	11155	0.46204248491605576	0.46204248491605576	1.0	276.0	6.81442771296312e-06	701	1	3.985734664764622	2.850213980028531	3.385164051355207	552.5848787446505
Domain: GAIN-B	4095	0.45929505427678424	0.3892830014228821	1.0	2.485724746354618	8.904035880997625e-18	10	3	385.75	1101.5	129.25	917.0
Domain: IQ	13752	0.45668123960494994	0.45668123960494994	1.0	32.84574468085106	1.4022838750027892e-14	5	1	25.4	47.0	4.6	247.8
Domain: ACT 2	3528	0.4557523727416992	0.4557523727416992	1.0	11.957142857142857	1.3627925605536686e-12	2	1	31.0	14.0	40.0	216.0
Binding site: shikimate	5260	0.4554741351893454	0.4554741351893454	1.0	inf	0.0037781603346362636	165	1	6.9818181818181815	108.88484848484849	0.012121212121212121	171.93333333333334
Domain: IQ 1	12887	0.45279578268527987	0.561892569065094	1.0	31.14077922077922	1.0411301592327055e-73	10	5	103.0	175.0	44.0	2328.5
Binding site: CTP	15450	0.4510974689490265	0.4510974689490265	1.0	43.09756097560975	3.401441683331105e-12	19	2	19.27777777777778	123.05555555555556	2.9444444444444446	558.2777777777778
Zinc finger: C2H2-type 9	4982	0.45083557228956905	0.44006062547365826	1.0	33.86303191489362	6.432864782843085e-55	16	7	154.66666666666669	1316.0	8.333333333333334	2315.666666666667
Domain: IQ 2	3836	0.4496755003929138	0.4496755003929138	1.0	16.39644970414201	1.886795517704671e-09	2	1	17.0	13.5	13.0	163.5
Domain: Cupin type-1 2	5136	0.4414262240131696	0.45520430369810627	1.0	5.682114275079099	7.973884112518752e-49	70	3	355.4818181818182	398.03181818181815	108.87272727272727	688.7681818181818
Region: VHIID	9441	0.4401901373496423	0.4316719979047775	1.0	12.690854119425548	3.575208452795839e-63	42	4	140.9948717948718	147.95641025641027	126.40512820512821	1679.4820512820513
Transmembrane: Helical; Name=10	4779	0.43314966719065395	0.43314966719065395	1.0	720.0	3.859295792120574e-26	8	2	18.0	1.0	25.0	1000.2857142857143
Domain: ABC transporter 2	4982	0.4294405018999463	0.40993172639892217	1.0	2.552792792792793	1.285809175427492e-30	19	4	506.6746031746032	525.1666666666666	481.90476190476187	1274.6825396825398
Region: Linker 1	12551	0.4278382360935211	0.4278382360935211	1.0	3.708053691275168	0.0003418477572174792	1	1	17.0	149.0	16.0	520.0
Domain: SIS 2	3760	0.425189167608087	0.425189167608087	1.0	2.690700104493208	3.142499708582611e-11	139	2	130.20098039215685	174.60539215686273	143.29901960784312	515.8799019607843
Region: Sigma-70 factor domain-4	4128	0.42410116048640073	0.42736415352140156	1.0	6.67661406025825	1.1049955210734272e-40	68	5	168.96341463414635	328.897212543554	85.46689895470384	1108.6759581881533
Region: PFYRE	11858	0.4218529613354267	0.41149052331844965	1.0	4.438236577913575	1.578504975012863e-36	42	4	217.6871794871795	406.24615384615385	158.8282051282051	1312.076923076923
Region: Linker 12	9457	0.42126303911209106	0.42126303911209106	1.0	5.358974358974359	0.00032762682338901476	1	1	11.0	39.0	13.0	247.0
Zinc finger: C2H2-type 3	10011	0.41088590025901794	0.41088590025901794	1.0	1.7136363636363636	0.20732510514891575	1	1	13.0	22.0	10.0	29.0
Region: Binding to ATP6V1H	1477	0.4050361188975247	0.4050361188975247	1.0	8.62251655629139	0.006372672727843734	11	1	31.09090909090909	151.63636363636363	1.8181818181818181	42.72727272727273
Domain: (+)RNA virus helicase C-terminal	12343	0.4047326147556305	0.4047326147556305	1.0	12.235176651305684	4.220089553087448e-57	2	2	143.0	93.0	140.0	1114.0
Domain: Sushi 2	1329	0.40417620241642	0.3735997900366783	1.0	4.428477148985316	2.2730089471376834e-23	16	4	115.15	209.1	145.9	1167.5
Domain: CBS 2	9888	0.3998245894908905	0.3998245894908905	1.0	1.9902439024390244	0.06603567346585162	1	1	17.0	15.0	41.0	72.0
Domain: EGF-like 1; calcium-binding	13626	0.39850073974383504	0.39850073974383504	1.0	9.348936170212767	1.1768223303642462e-09	38	1	26.736842105263158	94.89473684210526	10.236842105263158	338.6578947368421
Domain: (+)RNA virus helicase ATP-binding	9858	0.3979153037071228	0.3979153037071228	1.0	12.3996399639964	2.8956917528334672e-40	2	2	96.0	44.0	202.0	1148.0
Transmembrane: Helical; Name=Segment S5	1077	0.3947373032569885	0.3947373032569885	1.0	30.833333333333332	3.7016754677686016e-06	1	1	7.0	3.0	14.0	185.0
Domain: 4Fe-4S ferredoxin-type 2	14665	0.39405885338783264	0.39405885338783264	1.0	1.7992424242424243	0.15615175206431484	1	1	19.0	24.0	11.0	25.0
Domain: EGF-like 2	7565	0.39269497618079185	0.39269497618079185	1.0	18.05263157894737	1.4143341000895512e-07	8	1	10.0	10.5	19.5	343.0
Domain: PABC	4982	0.3920062735028889	0.3920062735028889	1.0	2.061135371179039	0.0022063188698860877	23	1	44.82608695652174	229.04347826086956	33.391304347826086	354.4782608695652
Domain: HAMP	6585	0.3889908790588379	0.3889908790588379	1.0	inf	2.551752167847993e-05	1	1	5.0	0.0	49.0	379.0
Domain: EGF-like	3426	0.3874865174293518	0.3874865174293518	1.0	inf	0.02433851078451742	11	1	3.0	0.0	38.0	98.81818181818181
Domain: RRM 2	5260	0.3858261600653749	0.39725565910339355	1.0	5.6040406517006245	1.989618313133517e-225	128	22	1245.9195652173912	3043.253381642512	512.2312801932367	7013.1266908212565
Domain: RRM 4	4982	0.38011591070228157	0.38011591070228157	1.0	19.17295081967213	8.037357951304445e-46	46	2	138.4	488.68888888888887	15.533333333333333	1017.7777777777778
Binding site: dCTP	14705	0.3795121908187866	0.3795121908187866	1.0	29.846153846153847	8.142192770400814e-05	1	1	4.0	13.0	6.0	582.0
Region: Leucine repeat II (LRII)	15838	0.37840330600738525	0.37840330600738525	1.0	8.756313131313131	9.397529303129795e-09	1	1	19.0	24.0	33.0	365.0
Binding site: L-cysteinyl-5'-AMP	6644	0.37271142950872094	0.37271142950872094	1.0	73.27272727272727	1.3512855032964775e-09	82	1	8.487804878048781	11.329268292682928	4.512195121951219	403.6219512195122
Transmembrane: Helical; Name=9	12539	0.3724245309829712	0.3724245309829712	1.0	inf	5.173201881856072e-22	11	2	14.6	0.3	24.7	1004.4
Zinc finger: C2H2-type 4	13857	0.37222222487131756	0.37222222487131756	1.0	inf	0.1095890410958904	6	1	1.0	7.333333333333333	0.0	65.66666666666667
Region: Flexible hinge	5258	0.37214099764823916	0.37214099764823916	1.0	17.502923976608187	1.6653921273088115e-24	5	1	41.2	27.4	76.8	876.6
Zinc finger: C2H2-type 8	453	0.3711439371109009	0.3711439371109009	1.0	91.0	1.811018105248724e-15	2	1	13.0	7.0	11.0	539.0
Domain: LIM zinc-binding 2	4982	0.37052006522814435	0.30250702500343324	1.0	9.424633559396193	3.4799290713570148e-78	24	6	260.1	653.3	91.3	2154.7
Domain: Laminin EGF-like 1	5939	0.3666272759437561	0.3666272759437561	1.0	8.546122448979592	1.858855646577392e-11	3	1	29.666666666666668	49.333333333333336	25.333333333333332	361.3333333333333
Domain: EF-hand 2	677	0.3642132878303528	0.3642132878303528	1.0	inf	0.20930232558139533	1	1	1.0	0.0	35.0	136.0
Binding site: carboxy-S-adenosyl-L-methionine	13634	0.36209826324111927	0.36209826324111927	1.0	17.58	7.103485792223934e-05	161	1	6.881987577639752	25.142857142857142	4.099378881987578	293.14285714285717
Domain: PDZ 2	842	0.35784241876431877	0.35784241876431877	1.0	2.4540770609319	0.00010867961607625903	15	2	35.85714285714286	96.07142857142857	93.14285714285714	626.5714285714286
Binding site: S-adenosyl-L-methionine	11023	0.3571232259273529	0.3571232259273529	1.0	224.0	0.013244903165041304	2	1	1.0	1.0	2.0	448.0
Transmembrane: Helical; Name=2	6027	0.35641386466366903	0.35641386466366903	1.0	13.333333333333334	0.0004986588037782578	14	1	5.928571428571429	6.857142857142857	15.642857142857142	240.78571428571428
Binding site: acetyl-CoA	8577	0.35350431695890927	0.33563541869322455	1.0	20.395818815331012	7.962693041374307e-44	51	10	63.81666666666666	205.61805555555554	49.30833333333334	3252.490277777778
Domain: Laminin G-like 3	4982	0.3459065780043602	0.3459065780043602	1.0	3.3202764976958523	2.4085134429760947e-13	4	1	131.25	322.25	62.0	506.5
Zinc finger: C3H1-type 2	4982	0.34451183465619883	0.36616671085357666	1.0	9.363878740001974	1.69331082671449e-62	40	10	157.95833333333331	533.1666666666667	114.04166666666666	3624.5555555555557
Binding site: UTP	9469	0.3432933559859765	0.3432933559859765	1.0	inf	0.0003925511690979685	716	1	7.924581005586592	178.69972067039106	0.07681564245810056	376.58379888268155
Domain: EGF-like 3	14765	0.34088757634162903	0.34088757634162903	1.0	8.527777777777779	2.7457651220401524e-08	3	1	19.333333333333332	38.0	18.666666666666668	307.6666666666667
Zinc finger: C2H2-type 10	6887	0.3398128151893616	0.3398128151893616	1.0	13.927536231884059	4.575718876853418e-05	1	1	6.0	46.0	9.0	961.0
Binding site: GDP	15450	0.339542040754767	0.35250474512577057	1.0	26.9636803874092	4.227016230273453e-43	45	8	58.04705882352941	236.3294117647059	28.8	3072.007843137255
Domain: Laminin EGF-like 2	14759	0.32575512925783795	0.32575512925783795	1.0	12.754807692307692	3.922900017572458e-14	3	1	28.333333333333332	32.0	26.0	379.3333333333333
Transmembrane: Helical; Name=Segment S2	12027	0.3158178683672654	0.32677552103996277	1.0	8.965090587715421	1.0300400237621111e-14	96	3	32.17977528089888	146.0505617977528	31.820224719101123	1268.8239700374531
Domain: Fibronectin type-III 3	1802	0.3150736391544342	0.3150736391544342	1.0	2.3144720606381104	7.581068615612828e-08	2	2	101.0	366.0	93.0	780.0
Transmembrane: Helical; Name=7	6216	0.31060437113046646	0.31060437113046646	1.0	68.4375	5.038690249862401e-17	7	2	15.0	7.5	32.0	1022.5
Domain: PAS 2	13128	0.29963037371635437	0.29963037371635437	1.0	2.8985745614035086	0.0018047552708833827	2	1	17.0	32.0	57.0	311.0
Domain: EF-hand 3	3343	0.2988194525241852	0.2988194525241852	1.0	3.1025641025641026	0.0151677469911842	1	1	10.0	15.0	26.0	121.0
Transmembrane: Helical; Name=Segment S3	15936	0.2936517596244812	0.2936517596244812	1.0	8.963414634146341	7.973436348755286e-06	1	1	15.0	41.0	6.0	147.0
Transmembrane: Helical; Name=11	11394	0.28458471968770027	0.28458471968770027	1.0	6.0157588215142175	1.7924127092025866e-07	5	2	20.75	139.75	21.25	878.25
Domain: Ig-like C2-type 3	1276	0.2833020381629467	0.29814061522483826	1.0	3.6225815001325206	3.0236447553493726e-25	13	5	144.5	343.5	264.375	2278.625
Domain: RRM 3	4128	0.2817883238214369	0.28206293284893036	1.0	6.224618438346611	6.1553531144481366e-89	63	9	574.7445652173913	2193.304347826087	119.67391304347827	2830.070652173913
Domain: EF-hand 4	10630	0.27624409024914104	0.17362434044480324	1.0	3.1705426356589146	1.6705027065254552e-06	25	3	40.0	86.4375	60.1875	409.0
Transmembrane: Helical; Name=6	2598	0.273450412542281	0.30276940975870403	1.0	119.79000648929267	1.1225028724436157e-242	352	41	214.16466747538178	46.150768885202844	670.7769465260703	17252.861300996847
Transmembrane: Helical; Name=4	12538	0.27133198579152423	0.27133198579152423	1.0	98.7	1.9604845285137e-11	3	1	8.0	8.666666666666666	10.0	987.6666666666666
Zinc finger: Phorbol-ester/DAG-type 2	7389	0.27091496975885493	0.3013416528701782	1.0	9.62	7.627720119910797e-28	28	3	59.833333333333336	118.25	100.5	1924.125
Domain: TSP type-1 1	2126	0.2678297847509384	0.29835858643054963	1.0	9.45087444902602	1.0874938484717557e-41	7	3	116.4	541.2	52.6	2292.4
Region: Mediates dimerization, Nef-PTE1 interaction	5415	0.25960751303604673	0.25960751303604673	1.0	9.461538461538462	0.013207540236182735	7	1	3.7142857142857144	5.285714285714286	13.285714285714286	205.14285714285714
Domain: SH3 2	842	0.2542158871889114	0.29740872979164124	1.0	7.179207846660677	5.363867314324169e-49	8	5	146.5	336.5	159.5	2627.0
Domain: LRRCT	10528	0.23918926706298801	0.15902402997016907	1.0	15.847710375126733	5.206773290798143e-124	38	13	571.0714285714286	2959.6785714285716	40.5	3285.8214285714284
Zinc finger: C2H2-type 6	7581	0.23785911574959756	0.23785911574959756	1.0	38.76129032258064	1.2566104478316076e-16	11	2	16.6	20.6	31.4	1502.6
Domain: Carrier 1	14765	0.23656106740236282	0.23656106740236282	1.0	3.8452380952380953	1.0805527419278083e-13	2	2	68.0	336.0	82.0	1558.0
Region: GPS	8224	0.23550130551060042	0.26297664642333984	1.0	8.026182432432432	2.136595585289083e-22	12	3	51.5	148.91666666666666	96.5	2236.5833333333335
Zinc finger: C2H2-type 5	4982	0.23039074271051874	0.11363843108216921	1.0	10.499227997941327	6.657786371966595e-95	49	15	272.42424242424244	1943.9833333333331	88.57575757575756	6600.871212121213
Zinc finger: C2H2-type 11	4982	0.22932071706487075	0.16149904330571493	1.0	20.483619344773793	1.4303927860140502e-37	15	6	130.0	1282.0666666666668	9.0	1818.8666666666668
Domain: EGF-like 4	14458	0.22917936742305756	0.22917936742305756	1.0	5.447619047619048	0.00021237389001186596	1	1	11.0	21.0	25.0	260.0
Zinc finger: C2H2-type 7	10406	0.22665953636169434	0.22665953636169434	1.0	20.040816326530614	1.0414781338873797e-10	2	1	16.0	56.0	7.0	491.0
Domain: TSP type-1 2	4982	0.1945209043721358	0.11330969631671906	1.0	5.539654144305307	1.2588938593855991e-24	8	3	125.5	975.7	43.0	1858.4
Zinc finger: C2H2-type 12	10976	0.15711617867151897	0.15470984280109407	1.0	5.837747964682949	8.747329031200936e-12	8	3	49.3	459.7	19.9	1039.7
