annot_type	best_attn_agg	attn_auprc	attn_or	best_sae_feature	sae_auprc	sae_or	convergence_score
Domain: MGS-like	layer_16_to	1.0		7349	1.0	inf	1.0
Domain: DHFR	layer_25_to	0.9999331484949635	inf	303	1.0	inf	0.9999665731301636
Domain: FMN hydroxy acid dehydrogenase	layer_18_to	0.999797435727151	inf	4258	1.0	inf	0.9998987076044653
Domain: RNase H type-1	layer_18_to	0.9997309338233017	inf	988	1.0000000238418578	inf	0.9998654607277846
Domain: YcgL	layer_01_to	0.997409191662467	inf	11631	1.0	inf	0.9987029155826721
Domain: GH11	layer_26_to	0.9969709324949264	inf	653	1.0	inf	0.9984831689556497
Domain: DPCK	layer_23_to	0.9997559687997585	inf	15333	0.9960037115642004	inf	0.9978763128448705
Domain: YjeF C-terminal	layer_32_to	0.999480608849598	inf	12531	0.9909100532531738	inf	0.9951768787885639
Domain: WAP	layer_28_to	0.9931222475724524	inf	13626	0.9970446065068244	inf	0.9950795618110575
Domain: Myosin motor	layer_06_to	0.9898171904995743	inf	3988	0.9923962354660034	inf	0.9911050351934924
Domain: Fe/B12 periplasmic-binding	layer_28_to	0.9982797494233993	inf	4095	0.982565955320994	inf	0.9903605246188282
Domain: RNase H type-2	layer_21_to	0.9984631719217679	inf	15747	0.9765920120360304	25.132335184737983	0.9874064946954833
Binding site: heme b; distal binding residue	layer_25_to	0.972972972972973	inf	6972	1.0	inf	0.9863013698630138
Domain: ASCH	layer_12_to	0.9995515690923604	inf	9846	0.9733615634085118	14.833333333333334	0.986282732849862
Domain: ABM	layer_28_to	0.9772666701365197	2.5907364201962193	1835	0.9916788531201226	inf	0.9844200148621208
Domain: GRAS	layer_32_to	0.971860592506591	inf	4128	0.9924271679350308	inf	0.9820362116720952
Domain: HDAg	layer_02_to	0.998082047571697	inf	15077	0.9626966671245856	12.614754098360656	0.9800700645233055
Domain: GS catalytic	layer_32_to	0.9558656177471337	inf	15489	1.0	5.7	0.977434859607736
Domain: NodB homology	layer_21_to	0.982829316678074	100.33333333333333	9600	0.9661269820466334	inf	0.9744065808047818
Region: Nucleotide-binding domain (NBD)	layer_12_to	0.9572510624237022	555.9202615757831	12154	0.9877895712852478	inf	0.9722805787977671
Topological domain: Virion surface	layer_03_to	0.9431029861639116	7.5712145481677116	1748	1.0	inf	0.9707184774861497
Region: 3 X 8 AA repeats of S-P-R-R-R-R-S-Q	layer_11_to	0.9711669513932667	882.0102040816327	10292	0.9697141331784864	inf	0.9704399985429389
Domain: Cytochrome b561	layer_32_to	0.9553438885785019	4.666080035514967	8657	0.9790280187452162	22.375	0.9670409613727263
Domain: LCN-type CS-alpha/beta	layer_28_to	0.9351449945177345	18.851272015655578	6295	1.0	inf	0.9664857126127501
Domain: Globin	layer_15_to	0.9321441401673596	17.87578830508599	4760	1.0	inf	0.9648805394887553
Domain: PTS EIIC type-1	layer_08_to	0.9376691103954543	inf	13414	0.9922994673252106	inf	0.964211095987473
Domain: GMPS ATP-PPase	layer_11_to	0.9255178631535707	inf	3363	1.0	inf	0.9613183869795713
DNA binding: Fork-head	layer_28_to	0.9812668692519346	3731.2390057361376	14069	0.939475341141224	87.46720779220779	0.9599164549545067
Domain: BPL/LPL catalytic	layer_11_to	0.9908090771990096	inf	11725	0.925471774302423	6.042314049586777	0.9570265589742322
Domain: Radical SAM core	layer_24_to	0.9562052192042785	591.7358139534883	3329	0.9543101191520692	inf	0.9552567292736005
Region: 3 X 8 AA repeats of S-P-R-R-R-[PR]-S-Q	layer_11_to	0.9420693145335618	600.5963897246008	10292	0.9682133805077032	inf	0.9549624441082123
Domain: PINc	layer_15_to	0.910318286572803	5.907571084699865	5188	1.0	inf	0.9530540465127987
Domain: tr-type G	layer_12_to	0.9079023819600701	13.164323664743117	14247	1.0	inf	0.951728338456544
DNA binding: T-box	layer_13_to	0.9651923160802365	302.82839167537446	8657	0.9312156884011878	88.30064899523028	0.9478996343974758
Domain: IF rod	layer_25_to	0.9312342043390544	43.15322343523252	396	0.9612613916397096	inf	0.9460095855520309
Domain: PPM-type phosphatase	layer_20_to	0.8955544176478396	6.984662683463343	15332	1.0	inf	0.9448997183200021
Domain: Nudix hydrolase	layer_01_to	0.8945295878140702	3.701133326947152	8512	1.0	inf	0.9443289707036865
Region: Catalytic	layer_32_to	0.8941970494404577	37.07859164915562	1051	1.0	inf	0.944143640921204
Domain: Thioredoxin	layer_12_to	0.8926550927236739	1.8867549668874173	1432	0.9890131308482244	inf	0.9383669203345287
Region: Flexible region	layer_05_to	0.9379686993775171	150.74698029243484	6773	0.9288151372562756	inf	0.9333694765917584
Domain: DAGKc	layer_16_to	0.8672258321065545	120.28552803129074	7701	1.0	inf	0.9288922820098021
Domain: Guanylate kinase-like	mean_from	0.8625756364581364	1.3618817068910893	10737	1.0	inf	0.9262181031191897
Domain: ABC transmembrane type-1	layer_10_to	0.9210297094749689	792.635463258786	700	0.9293573200702668	inf	0.9251747756934091
Domain: UmuC	layer_11_to	0.858439071791507	13.054070116650333	2830	1.0	inf	0.9238280499171649
Region: Large ATPase domain (RuvB-L)	layer_11_to	0.8544074608096364	368.35105981745494	3170	1.0	inf	0.921488377140805
Domain: TNase-like	layer_25_to	0.961977968388746	14.761575554540379	4859	0.877401379438547	5.502958579881657	0.9177452138415846
Domain: Biotin carboxylation	layer_12_to	0.8475916852233984	5.7293688225973405	8274	1.0	inf	0.917509742008731
DNA binding: Homeobox	layer_28_to	0.8460939471889452	20.07730110775428	9709	1.0	0.1864406779661017	0.9166315164808333
Domain: Peptidase S8	layer_20_to	0.9818611920196539	155.76006440055988	7973	0.8583616614341736	5.901287553648069	0.9159673269983923
Domain: Sm	layer_28_to	0.8352994229643341	2.6094841675178753	703	1.0	inf	0.9102595603884377
Domain: CoA carboxyltransferase N-terminal	layer_13_to	0.8304166278213146	15.12659476746164	7367	1.0	inf	0.9073525832309911
Domain: AB hydrolase-1	layer_21_to	0.8863873532872726	20.573528982759125	2080	0.9146108031272888	2.092395167022033	0.9002779333054842
Domain: USP	layer_28_to	0.8423138182295438	6.256058371427395	13524	0.966244637966156	3.5636363636363635	0.9000330706048553
Domain: Peptidase S1	last_layer_to	0.8172848496199995	6.1644722641916685	8377	1.0	inf	0.899457066173084
Region: Reductase	layer_21_to	0.8928135032019963	inf	4982	0.9050322130874352	13.74123059229442	0.89888133709819
Domain: Tyr recombinase	layer_02_to	0.8974707623536182	16.929773116438355	15875	0.8882286548614502	13.672727272727272	0.892825791774143
Domain: FAD-binding PCMH-type	layer_21_to	0.8049189684080612	26.344412542900425	3645	1.0	inf	0.891917014000911
Domain: FAD-binding FR-type	layer_24_to	0.8170747041373122	15.120774989704065	1685	0.9807146191596984	inf	0.8914471756050837
Domain: Peripheral subunit-binding (PSBD)	layer_21_to	0.8009738811650996	104.08864203128542	14403	1.0	inf	0.8894897250224724
Domain: Tyrosine-protein phosphatase	layer_28_to	0.8168261076853881	9.856993431237187	1694	0.9689667224884032	6.571428571428571	0.8864156054763019
Domain: MPN	layer_28_to	0.8857638526795363	39.56942222222222	8198	0.8789500594139099	inf	0.8823438015692896
Domain: HTH dtxR-type	layer_13_to	0.8231100763173441	10.278410217762088	13414	0.9485096335411072	inf	0.881371811915702
Domain: NAC-A/B	layer_25_to	0.917839279756253	875.7224669603524	4810	0.8426566592284611	43.87003610108303	0.8786426188907858
Domain: IGFBP N-terminal	layer_20_to	0.7798029033274322	39.18183468913423	5534	1.0	inf	0.8762800665956337
Propeptide: Activation peptide	layer_15_to	0.751348239389187	23.67817235283624	15645	1.0	inf	0.8580226621876558
Domain: NR LBD	layer_31_to	0.7448307840784595	6.814516187685286	9897	1.0	inf	0.8537570415137367
DNA binding: HMG box	layer_28_to	0.7726132617232808	27.7572615166962	11799	0.9511978030204772	inf	0.8526549714947012
Domain: C-type lectin	layer_28_to	0.7405229914433503	2.4578889998049407	9596	1.0	inf	0.850920091356291
Region: Amidoligase domain	layer_16_to	0.7267086203699405	5.0156109112053056	4688	1.0	inf	0.8417269848508037
Domain: SH2	layer_28_to	0.7493753244862983	14.454263734607947	11973	0.9587536237456582	inf	0.8412319323321397
Domain: RRM	layer_28_to	0.7229131283577837	13.396502931888897	14425	1.0	inf	0.8391753669517132
Domain: ZP	layer_12_to	0.8233901218504585	8.893885999143619	5986	0.8489718479769571	7.025449291928621	0.8359853261019737
Domain: Glutamine amidotransferase type-1	layer_12_to	0.7333389096182478	7.4581121707289935	11483	0.9701006412506104	1.9609279609279608	0.8352659724400807
Domain: Pyruvate carboxyltransferase	layer_29_to	0.7490186564405071	9.240970368970597	2367	0.943791925907135	inf	0.8352000722041629
Domain: HTH cro/C1-type	layer_32_to	0.8044249784883909	10.506694751529462	374	0.8643605709075928	9.560975609756095	0.8333164604765687
Domain: F-BAR	layer_13_to	0.7151095686050823	2.125645679184699	10840	0.981406271457672	inf	0.8273580462207273
Domain: Protein kinase	layer_32_to	0.7003858271299056	4.765016327598979	4763	0.9991350769996644	inf	0.8235027243484393
Domain: PPIase FKBP-type	layer_24_to	0.8711742226196281	86.22166462668298	5372	0.7747287750244141	2.550872093023256	0.8201257781157718
Region: Coil 2	layer_27_to	0.6940645312632406	14.259659250823074	4100	1.0	inf	0.8194074292384674
Region: Pyrophosphorylase	layer_07_to	0.6929107640175065	6.69848201135346	78	1.0	inf	0.818602821536955
Region: Uridylyltransferase	layer_01_to	0.6911765393326603	7.217452566964286	9125	1.0	inf	0.81739135241954
Domain: MCM C-terminal AAA(+) ATPase	layer_10_to	0.8400778400381682	49.09520471187846	4128	0.7875113673508167	30.70137157107232	0.812945730392112
Region: Complementarity-determining-2	layer_22_to	0.7919710210492987	85.55419635787807	3679	0.8246112609960774	inf	0.807961623225909
DNA binding: ETS	layer_28_to	0.7613149730939703	25.77906683480454	8537	0.856430998586473	33.75509337860781	0.8060767933403284
Domain: Cupin type-1 1	layer_08_to	0.858467299784773	37.704836800731314	5065	0.7583252191543579	2.0	0.8052949226574775
Region: Editing domain	layer_01_to	0.6733628872360454	44.977853349287315	10437	1.0000001192092896	inf	0.8048020243229324
Domain: PCI	layer_10_to	0.8088590670772492	22.62033829069398	85	0.7962468266487122	3.0019762845849804	0.80250339604853
Domain: Carrier	layer_23_to	0.6668828751995327	1.6578055307760928	4157	1.0	inf	0.800155649951955
Domain: ATP-grasp	layer_07_to	0.7063853718877514	5.922069496848029	13431	0.9178115510342204	inf	0.7983374979356836
Domain: FERM	layer_01_to	0.6822973243314265	3.356572226958472	9858	0.9587522745132446	7.304453441295546	0.7972386843853989
Topological domain: Extracellular	layer_06_to	0.6555974404518521	1.821168299106581	8721	1.0	inf	0.791976871228943
Region: Framework-3	layer_10_to	0.6551384143797322	8.247487944256793	4633	1.0	inf	0.7916418454045091
Region: N-acetyltransferase	layer_15_to	0.854822420130516	56.5180079648645	7238	0.736669923692093	3.759632154748692	0.7913603473521046
Domain: ABC transmembrane type-2 1	layer_16_to	0.8471539301821408	100.98534560339071	15214	0.7207840383052826	inf	0.7788765156977863
Domain: ABC transporter 1	layer_06_to	0.6355915426024225	10.179143958434302	15169	1.0	inf	0.7772008182325522
Domain: GIY-YIG	layer_20_to	0.6516034491036211	4.638706282667415	15468	0.9261537194252014	inf	0.764990925112167
Region: Uridylyl-removing	layer_24_to	0.9843049595698109	inf	8222	0.6245307723681132	3.1327902866364403	0.764190805117719
Domain: GOLD	layer_27_to	0.6941629865896995	1.8598281656823212	4095	0.847106423460204	inf	0.763046253995808
Domain: Disintegrin	layer_23_to	0.6119970717514224	14.460903005269904	5252	1.0	inf	0.7593029571530081
Domain: Fe2OG dioxygenase	layer_17_to	0.7610471844726565	14.536824877250409	4128	0.7537425364514715	10.853889943074003	0.7573772481552282
Domain: Ig-like V-type	layer_01_to	0.6004024381298424	2.619184867328646	11764	1.0	inf	0.7503143257285279
Domain: 2Fe-2S ferredoxin-type	layer_28_to	0.5943383954319449	1.0285836932410417	8565	1.0	inf	0.7455611645994691
Region: Coil 1B	layer_01_to	0.5928188241132835	10.29656223883028	4612	1.0	inf	0.7443644124978289
Topological domain: Lumenal	layer_02_to	0.5927796302057733	1.518189358953883	7446	1.0	inf	0.7443335147740322
Region: Sigma-70 factor domain-2	layer_28_to	0.6658992005613782	27.941308713829002	15334	0.829430103302002	inf	0.7387226897558432
Domain: Laminin G-like	layer_06_to	0.6367978274227869	3.805821256195537	13380	0.8674879265683038	13.768834058044291	0.7344541095181649
Domain: Histidine kinase	layer_12_to	0.7296925746338332	6.9778023857079345	4128	0.7301620284525249	5.245873860663347	0.7299272260607004
Domain: N-acetyltransferase	layer_31_to	0.5646584733577037	1.1645277457869192	13653	1.0	inf	0.7217657820827389
Domain: Core-binding (CB)	layer_16_to	0.5635193161779081	8.048136645962733	8625	1.0	inf	0.720834479429977
Domain: JmjC	layer_32_to	0.7041762538563268	6.418454192549069	5260	0.7342680603265762	5.1085339038155135	0.7189074014878754
Region: Leucine repeat I (LRI)	layer_19_to	0.7388909654974785	45.97837244849038	6080	0.6875070929527283	29.83098591549296	0.7122735153609848
Domain: ABC transporter	layer_01_to	0.5458386822895565	1.3049584758182706	11328	0.9999999403953552	inf	0.7062039228997761
Domain: SIS 1	mean_to	0.79867785592882	26.9187126821113	1654	0.6246358752250671	2.15303738317757	0.7010159891544528
Domain: PRC barrel	layer_17_to	0.6667234448648245	8.0828447339848	2575	0.7375905339916548	8.638138578978273	0.7003688763719986
Domain: Glutamine amidotransferase type-2	layer_01_to	0.5348530093303471	3.396745439673608	11094	0.9997889399528505	inf	0.6968923578281524
Region: RNA-binding	layer_31_to	0.5313870594794905	7.259504132231405	8630	1.0	inf	0.6939944492675886
Domain: NB-ARC	layer_06_to	0.6882978074263172	8.862612964287635	101	0.6864590644836426	1.725	0.6873772062918742
Domain: Gnk2-homologous 1	layer_01_to	0.7162464706338518	35.35430384182666	7901	0.6564488410949707	inf	0.6850451976757963
Domain: B30.2/SPRY	layer_10_to	0.5435709481477313	5.11993154035693	6870	0.9136956334114076	15.97222222222222	0.6816301259588383
Domain: HD	layer_08_to	0.5873361711132876	15.473659159230806	14458	0.8103227274758475	7.596899224806202	0.6810414881659167
Domain: GAF	layer_14_to	0.5662777554726364	7.716603390090505	7197	0.8422679603099823	inf	0.6772341213019761
Region: VHIID	layer_24_to	0.8148137393977695	70.80086177047667	4095	0.578559214941093	15.13415969733174	0.676657309762226
Domain: CoA carboxyltransferase C-terminal	layer_01_to	0.6567146830434297	8.164096239918337	4726	0.6802057027816772	2.635258358662614	0.6682538126320993
Disulfide bond	layer_20_to	0.5017625435689189	2.176077003522901	11293	1.0	inf	0.6682315332975169
Binding site: Fe cation	mean_from	0.5010084126996837	49.54482359745518	15835	1.0	inf	0.6675624313105347
Domain: RCK N-terminal	layer_03_to	0.4987865812914413	6.067844640773462	4601	1.0	inf	0.6655871990282405
Domain: PTS EIIB type-1	layer_30_to	0.6323316106515816	32.48852127217901	5258	0.6965983808040619	19.444444444444443	0.6629110320982902
DNA binding: TF-B3	layer_01_to	0.494976371529556	5.92371850479725	5619	1.0	inf	0.6621862137167166
Domain: bHLH	layer_28_to	0.5368805238086197	4.883882487443318	8537	0.8489543108392212	97.8106230847804	0.6577797349260143
Domain: Rho-GAP	layer_28_to	0.5255138779668933	3.3494983223222183	15464	0.8751024007797241	2.9313782991202344	0.6566801532014565
Region: Basic motif	layer_25_to	0.5363282911541598	15.779988593878715	4342	0.828572255373001	60.67142857142857	0.651163548806018
Domain: THUMP	layer_03_to	0.48214980435396115	3.853099272629163	4296	0.9999999403953552	inf	0.6506087219913691
Domain: GS beta-grasp	layer_14_to	0.4987605048561872	3.2875669788424173	6227	0.9243404865264891	inf	0.6479154051758994
Domain: RGS	layer_01_to	0.5473195046119272	7.107186317833787	14759	0.7808928489685059	9.481904761904762	0.6435686072340947
Domain: SET	layer_22_to	0.4960293708091279	1.7885096366043842	4810	0.902080535888672	3.080431432973806	0.6400905086108322
Region: RNAPII-binding	layer_14_to	0.49619390186693363	3.1751824817518246	14458	0.8955607748613125	68.0	0.6385777646992267
Domain: Laminin G-like 2	layer_13_to	0.6247931042321234	10.692583308777452	5258	0.6467478275299072	17.16225749559083	0.6355809281858291
Domain: DH	layer_01_to	0.522100521293406	2.7128453393350753	7363	0.7957512140274048	2.053333333333333	0.6305142111641729
Topological domain: Mitochondrial matrix	layer_20_to	0.4579949757356609	1.2645041930216367	4076	1.0	inf	0.6282531604809821
Domain: bZIP	layer_28_to	0.5045750424768335	5.906919276953217	8537	0.8308593580217072	51.531496062992126	0.6278569665564573
Region: Serine protease	layer_01_to	0.5112718203357774	5.507338878632621	5260	0.8093727913995584	10.99613998970664	0.6266780581421572
Domain: Ras-GEF	layer_02_to	0.5193820754131891	2.4228034473172086	5723	0.7773315906524658	22.55395683453237	0.622700454854112
Region: Dimerization	layer_09_to	0.48240715989716	4.451986073414595	14457	0.846553216377894	47.58771929824562	0.6145906832216087
Binding site: [4Fe-4S] cluster	mean_from	0.45229047310648174	272.7914637639645	7808	0.9079745427715036	255.80327092974335	0.6038062152965072
Domain: GAIN-B	layer_20_to	0.6972982035576191	22.671725624048257	14765	0.5307414531707764	4.451028806584362	0.6027249361563475
Domain: CTLH	layer_23_to	0.5517231232655647	7.550451025404113	4093	0.6608480215072632	4.734848484848484	0.6013752446635436
DNA binding	layer_24_to	0.4607497594870838	4.424008099105293	13287	0.8602146953344345	29.89655172413793	0.6000823300520189
Domain: C2	layer_13_to	0.437916203939939	2.96194309642999	2471	0.9372792541980745	inf	0.5969329968349641
Region: Switch-I	layer_01_to	0.5104116994617436	38.3028743028743	3589	0.7183028852397745	inf	0.596770317449385
Domain: VWFA	layer_30_to	0.43196971265683504	2.6129745209908486	133	0.9584192037582396	42.024096385542165	0.5955284354822129
Domain: Helicase ATP-binding	layer_13_to	0.546581300651612	6.224423032010135	9087	0.6454411745071411	inf	0.5919117869136374
Topological domain: Cytoplasmic	layer_03_to	0.4149647120674279	1.1535248918750394	4600	1.0	inf	0.5865371885651003
Zinc finger	layer_18_to	0.46754930246930587	11.241487858152384	4093	0.7732551693916321	inf	0.5827427661307805
Region: Small ATPAse domain (RuvB-S)	layer_20_to	0.6787944897558101	15.095158390676337	11777	0.5078625930888759	4.644268774703558	0.581017607741269
Domain: PI3K/PI4K catalytic	layer_02_to	0.44187102486894236	4.179067463586182	4095	0.83354651927948	39.254415954415954	0.5775678034849134
Domain: PAS 1	layer_01_to	0.4368847348960677	9.511740188925819	11683	0.841516375541687	5.384615384615385	0.5751647986496807
Domain: RRM 3	layer_13_to	0.5508936804279985	13.939157715181214	15214	0.5962615013122559	9.614754098360656	0.572680485053692
Binding site: a nucleoside 3',5'-cyclic phosphate	layer_28_to	0.5061001434544926	6.732252027912479	11591	0.6592734456062317	3.7152777777777777	0.5726204687133432
Topological domain: Periplasmic	layer_15_to	0.399906599664987	1.7786791295871198	7327	1.0	inf	0.5713332586055226
Region: Framework-1	layer_13_to	0.39990305643784196	2.8379861320470305	14759	1.0	inf	0.5713296425760012
Domain: PAS	layer_25_to	0.4205794753337488	6.874256061042287	9636	0.8790765404701233	inf	0.5689529316577644
Zinc finger: PHD-type	layer_28_to	0.4227637145658201	8.507136781942503	5587	0.8527361154556274	inf	0.5652778294896162
Active site: Acyl-ester intermediate	layer_14_to	0.39251323590433446	22.116402116402117	3990	1.0	inf	0.5637479426174734
Region: G4	layer_21_to	0.6323235210709831	90.92184286301934	8600	0.5057284573713938	inf	0.5619848740275584
Domain: Ig-like C2-type	layer_22_to	0.38764639009649987	0.9831455508720192	14779	0.9999999403953552	inf	0.5587106144741826
Domain: Alphavirus-like MT	layer_01_to	0.49129120913895935	6.324530541563398	11188	0.6339300870895386	inf	0.5535698267348477
Domain: PDZ	layer_24_to	0.4234798064166524	5.720585440957757	10468	0.755034551024437	3.0383838383838384	0.5426185663108404
Coiled coil	layer_02_to	0.3786004440675934	3.275019013004731	15708	0.9516834616661072	inf	0.5417005793208476
Region: Switch-II	layer_19_to	0.42208043119091304	12.26149018951596	4565	0.7355930096962873	inf	0.5363851389312169
Region: Nucleotide-binding (NBD)	layer_12_to	0.6584142825515504	10.871948644222211	2478	0.4504099062510899	4.491874890791543	0.5349023195438362
Region: Framework-2	layer_04_to	0.4525549972882283	7.467457284172662	5133	0.651481088936329	4.52	0.5340967131701974
Active site: Electrophile	layer_15_to	0.36420634920634926	inf	474	1.0	inf	0.5339461283378906
Domain: Helicase C-terminal	layer_22_to	0.41743744680584205	2.2457876379081916	15276	0.7380533208084652	9.861675280363748	0.5332644837672939
DNA binding: Nuclear receptor	layer_20_to	0.3898984731125531	4.5738093109166265	8537	0.8284625408509699	288.6004161584272	0.5302472354362616
Domain: Gnk2-homologous 2	layer_13_to	0.43027598221239033	3.8325975944884516	10630	0.6880762108648666	9.777407786885243	0.5294623094576575
Domain: Toprim	layer_02_to	0.3836226892433149	3.0313182752207144	3049	0.8451429605484009	inf	0.527710089186805
Domain: CBS 1	layer_05_to	0.4371683653524674	4.916689063191277	7653	0.6580614447593689	inf	0.5253393277846597
Region: Hinge	layer_14_to	0.45128011308769467	8.838709578591015	14523	0.6197309238570077	18.77647058823529	0.5222583741059463
Domain: Thyroglobulin type-1	layer_25_to	0.47954963808074	2.7253535969514644	13626	0.5699591153319353	231.04312114989733	0.5208602340656712
Region: Transactivation domain	layer_14_to	0.3486385806090827	0.5060107914839055	8595	1.0	inf	0.5170229972979533
Topological domain: Mitochondrial intermembrane	layer_03_to	0.3588990278970725	1.3774884619268986	16153	0.9161585569381714	inf	0.5157546128039093
Domain: PH	layer_19_to	0.3492815047209691	2.1465121233709192	6933	0.9772678464651108	inf	0.5146308105666152
Region: Sigma-70 factor domain-3	layer_21_to	0.4588914113696078	3.3305919555919554	1374	0.5742354340413037	5.988321799307959	0.5101245988450628
Domain: Laminin EGF-like 2	layer_08_to	0.5836456418031495	32.79137655007733	10292	0.4456360936164856	8.73469387755102	0.50538847609766
Domain: Sushi 2	layer_30_to	0.499340805689359	4.81715178276411	11949	0.5103065967559814	1.6319018404907977	0.504764151436564
Domain: Rhodanese	layer_21_to	0.3427956792618511	1.4639186345430137	7389	0.9089711904525756	1.9558823529411764	0.4978425363370247
Domain: LIM zinc-binding 1	layer_13_to	0.3389309015273948	2.1350937798595475	2879	0.9050842523574828	inf	0.4931789145040555
Region: Complementarity-determining-1	layer_26_to	0.3575331454582026	4.521370104783346	640	0.7882606423062871	22.581818181818186	0.49193722272580187
Domain: EF-hand 1	layer_08_to	0.3438074561705493	2.371961464523213	9377	0.8616095185279846	inf	0.4914942845425295
Zinc finger: RING-type; atypical	layer_28_to	0.35704178532716385	6.278311828913028	4128	0.7750863370563017	30.670969284092266	0.4888814332827592
Region: Linker	layer_22_to	0.3269427215378664	8.312228886173283	6739	0.9138540029525756	inf	0.4815904312389084
Domain: Lipoyl-binding	layer_22_to	0.3305512322930113	1.4803909555308963	13950	0.8702291420527867	inf	0.47911395194072404
Region: Flexible hinge	layer_03_to	0.3638712209440846	8.553591971545353	5258	0.7007696628570557	189.57391304347823	0.4790158197080845
Domain: Cupin type-1 2	layer_31_to	0.46245150747810765	3.537719537719538	5986	0.495346703778499	2.978532538242157	0.4783342194513801
Domain: Fibronectin type-III 3	layer_20_to	0.3688195275548627	3.9102893238512193	11858	0.6764362454414368	6.963076923076923	0.4773623890151508
Domain: Laminin G-like 3	last_layer_to	0.7048468083774794	21.258821971502726	1276	0.3567648530006408	3.4602345221459383	0.47374115625731944
Region: Leucine repeat II (LRII)	layer_25_to	0.45173813587994577	17.740433967674768	2814	0.4974326035273926	9.58470394736842	0.4734854704511452
Region: Handle region	layer_17_to	0.3700922036334254	2.945245515339696	3914	0.6562579436735674	10.08	0.4732808762455295
Region: Substrate-binding domain (SBD)	layer_02_to	0.38774809066604365	2.6991338627992634	14570	0.6058095097541809	4.263644859813084	0.47284924520765415
Domain: 4Fe-4S ferredoxin-type 1	layer_05_to	0.32925958149425116	2.1687967205208585	6167	0.831454336643219	1.75	0.4717171089910253
Helix	layer_20_to	0.3333287981774663	1.2710280503534779	9979	0.7833622395992279	inf	0.46766237935086735
Domain: HAMP	layer_18_to	0.5449664756043355	16.25323866086679	15265	0.4071146160589926	7.039135462929669	0.46606075768835076
Domain: ATP-cone	layer_01_to	0.31183579078556567	5.728274688665776	12434	0.9046791195869446	inf	0.46380250050071076
Domain: PAS 2	layer_18_to	0.6484836503211003	41.172087738532795	13059	0.3577671647071838	3.609756097560976	0.4611298763078737
Intramembrane: Discontinuously helical	layer_15_to	0.3657699633105291	14.730999017738487	3829	0.6221177726984024	22.427350427350422	0.46068391498417266
Domain: RRM 4	layer_24_to	0.6570828510395119	26.599279631904395	4982	0.3483221684582531	8.753932584269663	0.45529218393030485
Transmembrane: Helical; Voltage-sensor; Name=Segment S4	layer_10_to	0.42809929673985214	17.035524321754377	3005	0.4847468588366566	14.463438735177863	0.45466541781898784
Domain: Calponin-homology (CH)	layer_28_to	0.3055214857685887	2.2326166548084903	8360	0.85733762383461	inf	0.4505018062396936
Region: Disordered	layer_14_to	0.2906069379908215	1.6986564564711475	2887	1.0	inf	0.4503415090007648
Active site: Proton donor/acceptor	layer_02_to	0.29017569406644883	8.164537143918587	10391	1.0	inf	0.4498235324087631
Domain: S4 RNA-binding	mean_from	0.30065953942845036	2.072413349947197	6918	0.8170387830053057	inf	0.43956495104807874
Domain: PE	mean_from	0.2816703982134915	1.8397338522377753	13941	1.0	inf	0.4395364028163703
Transit peptide: Chloroplast	layer_14_to	0.2796742545993571	0.8148558758314856	15948	1.0	inf	0.4371022603512767
Domain: PB1	mean_from	0.2992054395677742	3.8410549751458563	15214	0.8040253162384033	2.94136460554371	0.43611682669766816
Domain: Response regulatory	mean_from	0.28330514746039714	2.629679352194969	7895	0.9462772607803344	13.206349206349206	0.4360589694632436
Region: Regulatory domain	layer_11_to	0.27898410340626717	1.02060061487507	13205	0.9926177561283112	inf	0.43555232739271926
Domain: PDZ 1	layer_16_to	0.32469100279458407	3.0094194106042056	575	0.650650312503179	11.84	0.43320281653560583
Domain: HTH lysR-type	layer_09_to	0.27466713675554366	1.9913835720623654	4733	0.9999999403953552	inf	0.4309629162118708
Domain: RRM 1	layer_13_to	0.28636569989313154	1.5455863024153087	10092	0.8540219068527222	3.9166666666666665	0.4289113274000175
Site: Transition state stabilizer	layer_03_to	0.272886374737992	15.049359158986174	7024	1.0	inf	0.42876784629604087
Domain: Guanylate cyclase	layer_31_to	0.33371591513352616	3.0107875231100634	4915	0.5907474309206009	3.472934472934473	0.4265000237465451
Region: Tail	layer_29_to	0.29184165732075745	1.7995505238076093	566	0.7831246279857376	inf	0.4252196416651252
Region: DNA-binding	layer_08_to	0.26921853490826614	2.117063887659646	2945	1.0	inf	0.4242272351116022
Domain: Laminin G-like 1	layer_01_to	0.30894847129151026	2.2844805129605823	15041	0.6747629642486572	2.239247311827957	0.4238376799478375
Domain: EF-hand 2	layer_03_to	0.3573440137884228	2.0369948057972267	9831	0.5163128607802921	1.4192377495462796	0.422365611517434
Domain: B5	layer_30_to	0.6317397403387253	20.02322278461887	2469	0.316411958138148	4.121479613282892	0.4216414073726132
Domain: SAM	layer_28_to	0.3003327844869459	3.0285816261426017	9422	0.706607220073541	4.470140737923165	0.4215093510678349
Domain: UBA	mean_from	0.3343077388064835	3.569854801632467	11777	0.5649779020586321	10.084617265835169	0.42005893640457204
Binding site: Zn(2+)	mean_from	0.26389755683931976	61.61309941552298	513	1.0	inf	0.4175932699787143
Domain: (+)RNA virus helicase ATP-binding	layer_25_to	0.33796894448196335	4.519780624033738	14759	0.5449368953704834	8.736263736263735	0.4171945388160975
Region: LID domain	layer_24_to	0.31093024788111984	9.342625482625483	14181	0.6142515335510026	inf	0.4128688770605315
Zinc finger: C3H1-type	layer_24_to	0.3004036001186938	4.538990883291056	4765	0.6309201717376709	2.9282296650717705	0.40701353644118443
Binding site: a divalent metal cation	mean_from	0.2534824544727954	31.135242766503172	13363	0.9787630384618584	inf	0.4026782954518295
Beta strand	mean_from	0.2993223576952288	2.4180510545564884	10949	0.613990863164266	11.09504132231405	0.4024494304214826
Binding site: Na(+)	layer_24_to	0.2512289286976141	10.45958595342694	10340	1.0	inf	0.4015714837397735
Transmembrane: Helical; Name=Segment S3	layer_24_to	0.3961328948029542	18.788273268515116	5658	0.4068771004676819	5.628865979381444	0.4014331193548198
Domain: RRM 2	layer_25_to	0.34246767109196147	2.1246988581584176	7065	0.4843422174453735	1.528178243774574	0.4012326255881335
Domain: F-box	layer_26_to	0.2492393810836019	2.118974751338944	3702	1.0	inf	0.39902581500017925
Transmembrane: Helical	layer_18_to	0.25777283967847214	2.021834206672901	2374	0.8547376364469528	inf	0.39609181658107223
Domain: SIS 2	layer_02_to	0.31517923357482686	1.7569611267896477	13784	0.5324685970942179	1.741504854368932	0.3959735122600547
Zinc finger: C2H2-type	mean_from	0.29400261973345315	8.31270365728609	15045	0.6013785898685455	33.2	0.3949309611970835
Domain: SH3 1	layer_28_to	0.24860068742958613	3.243508801645996	9235	0.9315042793750764	inf	0.3924610279766349
Zinc finger: NR C4-type	layer_22_to	0.29116823976831113	3.8302494663677034	13626	0.5939261693043149	3.160618145023835	0.3907660821174239
Region: Binding to ATP6V1H	layer_02_to	0.2615634083315988	2.1023440079234073	14765	0.7589052418867747	inf	0.38904054843065117
Domain: Ig-like C2-type 2	mean_to	0.29560457984464317	1.0649663796789035	9831	0.567527711391449	1.8	0.3887325092096985
Domain: Macro	mean_from	0.240854324033742	2.659836933617568	14516	1.0	inf	0.38820725264635103
Region: Substrate-binding (SBD)	layer_01_to	0.2727836913792838	1.027513014732113	8559	0.640874981880188	4.366071428571429	0.3826817352835696
Domain: Ig-like C2-type 1	layer_01_to	0.2700627380949752	2.514402517271248	6260	0.652014712492625	inf	0.381930776903296
Region: PFYRE	layer_30_to	0.2987530293445415	2.7274981061910335	11858	0.5261921532452106	8.206525701786365	0.381119868609526
DNA binding: H-T-H motif	layer_28_to	0.25372955526452096	3.43172596233961	16216	0.741236686706543	inf	0.3780503235792554
Topological domain: Vesicular	layer_20_to	0.23559322168472321	1.7748689537926972	7779	0.9309664070606232	31.77563576702215	0.37602771382643496
Zinc finger: C3H1-type 2	layer_24_to	0.306067786536586	4.437758835218304	3766	0.480250534415245	2.488888888888889	0.37386695473038833
Domain: ABC transporter 2	layer_02_to	0.26874625244421135	0.8871653382478519	822	0.6139241456985474	1.565741050518568	0.37384240774054817
Region: Mediates dimerization, Nef-PTE1 interaction	layer_27_to	0.3821233818397364	11.037832420630659	383	0.3652565139990587	inf	0.3734996222012863
Domain: BTB	layer_28_to	0.23935669806483048	2.0659946467598163	16229	0.7844746112823486	inf	0.3667972466908847
Region: Head domain (RuvB-H)	mean_from	0.2464477906763553	1.5815889578374702	7588	0.7037993751642272	11.209610604805302	0.36506249599848173
Domain: ACT	layer_08_to	0.2630036272096334	1.4958765134097034	6270	0.5952414274215698	1.6616161616161615	0.364815744949638
Domain: LIM zinc-binding 2	layer_02_to	0.3033837641189427	2.584780810587262	15370	0.4564941972494125	2.006993006993007	0.364513605870579
Binding site: L-tyrosine	layer_28_to	0.24866081855380237	11.711085071478792	6797	0.6770060504834676	inf	0.3637267019271873
Zinc finger: B box-type	layer_32_to	0.2695691772928546	4.434192410616717	13242	0.5560314655303955	1.8177083333333333	0.36310278102353216
Active site: Schiff-base intermediate with substrate; via pyruvic acid	layer_29_to	0.22151137814930918	83.29787234042553	5818	1.0	inf	0.3626841012073375
Transmembrane: Helical; Name=7	layer_05_to	0.25201034847801645	5.522431528502405	12077	0.6427066326141357	inf	0.36205576931491973
Domain: Fibronectin type-III 2	layer_13_to	0.2582718982780254	3.0926621979774565	8225	0.6045613288879395	2.82062298603652	0.36192672493670713
Domain: Ig-like	layer_01_to	0.21821178759510754	6.177311846558044	8515	1.0	inf	0.35824934517483714
Transmembrane: Helical; Name=Segment S1	layer_19_to	0.2803602943994481	14.586116545089144	2899	0.4902314558740734	inf	0.35671660186847426
Transmembrane: Helical; Name=Segment S2	layer_28_to	0.3490729177833461	9.727215337580807	12027	0.3642422328977024	13.592017738359202	0.3564962804901213
Domain: EF-hand 3	layer_02_to	0.3759066971134028	2.923029366306028	1206	0.3386853337287903	3.275	0.3563266302107853
Domain: J	mean_from	0.216529868518223	1.143417481927436	7535	0.9951919317245485	inf	0.3556736836517081
Region: Actin-binding	layer_15_to	0.2562227165084005	2.472637483870811	4810	0.5779428482055664	inf	0.3550424347823788
Domain: LRRCT	layer_28_to	0.2876954752702722	3.6438176728175855	9609	0.4458393369402204	4.40984940984941	0.3497201708768881
Propeptide	layer_11_to	0.21041182418865365	0.6207666173056877	2506	1.0	inf	0.34766980953725224
Zinc finger: C4-type	mean_from	0.23993123512650746	3.3442843929843793	5665	0.6280534863471985	2.75	0.3472172838456058
Domain: LisH	layer_18_to	0.2666618979878655	4.420486249089343	6704	0.4899714384760175	19.23733636881047	0.3453633548700936
Domain: FHA	layer_32_to	0.27088948452761963	2.8721383016656845	14606	0.473516574750344	6.715809523809524	0.3446255152028742
Domain: 4Fe-4S ferredoxin-type 2	layer_02_to	0.2608783233872502	1.6498681248690095	16038	0.5059583634138107	1.7647058823529411	0.3442547072226731
Domain: CBS 2	layer_30_to	0.25702919930507806	1.9373678823455451	15641	0.5037370920181274	2.354761904761905	0.340380857822948
Compositional bias: Basic residues	layer_10_to	0.2044354597903398	2.7734652410753293	9605	1.0	inf	0.3394710079790022
Region: Modulating	max_to	0.20442857248315888	2.813413321027534	3669	1.0	inf	0.3394615125439783
Binding site: carboxy-S-adenosyl-L-methionine	layer_25_to	0.33460724609380893	9.455006629388366	5260	0.3430701647799439	inf	0.3387858624532245
Zinc finger: Phorbol-ester/DAG-type 2	layer_01_to	0.3031943630670827	8.407646613973458	6007	0.3830690582593282	5.089058524173028	0.33848337393579914
Zinc finger: C3H1-type 1	layer_13_to	0.25917124355983273	3.5966462315182115	9235	0.4863844911257426	inf	0.3381554659127861
Domain: PDZ 2	mean_to	0.30126559487228377	1.2177811449112905	5260	0.3772207555316743	6.394736842105263	0.3349916626790234
Region: Head	layer_15_to	0.1999520654822516	1.2083812719582576	13354	1.0	inf	0.3332667549547363
Transmembrane: Helical; Signal-anchor for type II membrane protein	layer_18_to	0.20444196718124089	3.079333833538265	979	0.8811209023798838	65.49549071618037	0.3318796094783169
Domain: Ig-like C2-type 3	layer_09_to	0.3219762899189732	3.443026686426451	14084	0.3370963344350456	2.712615568763414	0.3293628747304214
Domain: CUE	mean_from	0.2182730801230508	3.608094332978445	9469	0.6505646705627441	1.683673469387755	0.32687519470898524
Domain: Fibronectin type-III 1	layer_21_to	0.20201319406149854	1.2995939270406796	11169	0.8387622833251953	inf	0.3256053809766763
Sequence uncertainty	layer_20_to	0.1890632903504746	1.2527508802816902	7867	1.0	inf	0.31800374611640475
Binding site: dCTP	layer_21_to	0.2556314612393283	8.73564722874165	4128	0.4197921615217534	inf	0.31776230516764603
Domain: IQ 2	layer_01_to	0.2289705091775077	4.86314831898319	14458	0.5104586333036423	36.45	0.31613569567842464
Region: Complementarity-determining-3	layer_14_to	0.1973047320667033	7.3242233657327995	3923	0.7759111226730013	128.33333333333334	0.3146083891276454
Region: Homomultimerization	layer_21_to	0.18588376828636538	0.6	13645	1.0	inf	0.31349407632920473
Transmembrane: Helical; Name=8	layer_01_to	0.26730643081990363	6.396264157502524	15334	0.3786901235580444	18.023560209424083	0.31339580568668324
Domain: EGF-like 2	layer_19_to	0.31152523155341993	5.267958351934399	13626	0.3145672479276054	inf	0.313038849567396
Region: Sigma-70 factor domain-4	mean_from	0.22392989424368823	2.404344730447165	636	0.5059844468321119	4.018604651162791	0.310461206998807
Region: Linker 12	layer_04_to	0.22286569332346368	8.899485461021541	4954	0.5029171402492221	inf	0.3088609208188764
Domain: IQ 1	layer_01_to	0.20160034141239835	4.539016713121443	2478	0.6085868459194899	47.177944862155385	0.3028715285427097
Region: Linker 2	layer_16_to	0.18372331708354267	10.797192200557102	9815	0.8555983304977417	inf	0.3024922337295825
Domain: SH3 2	layer_28_to	0.2410469255507502	3.976218341640846	14814	0.4035833477973938	2.170588235294117	0.30182425248124134
Zinc finger: RING-type	mean_from	0.18907342395894813	3.2601115655471733	5490	0.7414345741271973	inf	0.30130976597752035
Domain: EGF-like	layer_02_to	0.20188763232721163	3.0372302141314838	9349	0.5881685506213795	20.571428571428573	0.3005962326656576
Domain: TGS	layer_01_to	0.17280497914465068	2.0381160123399957	11275	1.0	inf	0.2946866396673737
Zinc finger: Phorbol-ester/DAG-type 1	layer_13_to	0.22973108673205778	2.629555261827111	10141	0.40962133705616	8.092783505154639	0.29436896274822355
Transmembrane: Helical; Name=Segment S5	layer_05_to	0.20125282300030256	3.335403614382045	4095	0.5394756495952606	inf	0.2931465481285687
Transmembrane: Helical; Signal-anchor for type III membrane protein	mean_from	0.17598261569500723	3.2667265379434216	3595	0.8738316297531128	inf	0.2929645440567293
Region: GPS	layer_08_to	0.30867164120240537	9.673177116461572	855	0.2784620175758998	3.592759963463295	0.29278964573939037
Transmembrane: Helical; Name=6	layer_24_to	0.17751144718888973	2.738177696761508	7034	0.7894585132598877	43.77702702702703	0.2898495897831469
Domain: EGF-like 4	layer_18_to	0.27170217415969755	6.263339464636352	10406	0.3077771365642547	2.0134228187919465	0.28861674822068034
Active site	mean_from	0.16536393013143147	6.001974689520747	8259	1.0	inf	0.28379792072813076
Binding site: NADP(+)	mean_from	0.16354152552344575	3.3622915109130265	358	1.0	inf	0.28110990787350343
Transmembrane: Helical; Anchor for type IV membrane protein	layer_18_to	0.16640442402430966	0.6637490882567469	15722	0.8933036866156678	115.52	0.28054835847259924
Active site: Nucleophile; for glutamine hydrolysis	layer_29_to	0.16256327006327007	inf	10023	1.0	inf	0.27966352326686345
Zinc finger: C2H2-type 1	layer_20_to	0.18255687920697805	4.123186098000012	6237	0.5746467709541321	inf	0.2770872040287516
Zinc finger: C2H2-type 2	layer_20_to	0.18097878277153295	4.83534865807593	10216	0.5717071990172068	3.789473684210526	0.27492706250213444
DNA binding: Zn(2)-C6 fungal-type	mean_from	0.17170868037004214	4.612843514167735	3165	0.6477369197333852	20.118687862333097	0.27145682812949984
Transmembrane: Helical; Name=9	layer_29_to	0.23606795289016572	5.064077943360475	2129	0.3190435767173767	2.276923076923077	0.27135434960853794
Active site: Proton donor	layer_29_to	0.1554057684110378	5.324415514305884	14407	1.0	inf	0.2690063917973307
Domain: EF-hand 4	layer_11_to	0.2076362557996246	0.8987234042553192	5457	0.3748962666556152	2.452214452214452	0.2672539441868184
Compositional bias: Pro residues	layer_14_to	0.15408767571883003	2.839714581088132	10805	1.0	inf	0.2670294102618428
Transmembrane: Helical; Name=5	layer_05_to	0.1678489194859419	2.6766436854564235	3449	0.6526763439178467	144.56140350877192	0.26702655966056327
Transmembrane: Helical; Name=2	layer_01_to	0.16280614730387877	2.619828942395113	9485	0.7266139388084412	inf	0.26600976929086245
Domain: Gla	layer_03_to	0.15336071399144904	0.38962033609490754	15113	1.0	inf	0.26593712119899043
Zinc finger: CCHC-type	mean_from	0.15823510662090817	4.651954373728567	10067	0.8039548397064209	inf	0.26442570984017233
Zinc finger: C2H2-type 4	layer_22_to	0.15158009745143286	4.880552699647463	61	1.0	inf	0.2632558478335905
Domain: BRCT	layer_26_to	0.16207495747374281	0.8742385080271003	11777	0.6662423114823757	10.026954177897574	0.2607242377954929
Domain: TSP type-1 1	layer_18_to	0.2933216273713285	5.852229574575656	1329	0.2329590033207621	6.096714721020152	0.259678620035809
Binding site: S-adenosyl-L-methionine	layer_17_to	0.14886671177143096	5.330558361383132	9991	1.0	inf	0.25915401716513176
Binding site: FMN	layer_29_to	0.17351118145609504	3.9127597322092735	10220	0.5106744766235352	4.7384615384615385	0.25901663015599136
Lipidation: S-geranylgeranyl cysteine	mean_from	0.1482910828469394	321.2436647173489	9808	0.9981927196498604	inf	0.25822096913091347
Region: G3	layer_12_to	0.18179376643313785	33.53280458250716	8051	0.4440857555185045	1.6825396825396826	0.25797943304894455
Domain: Laminin EGF-like 1	layer_08_to	0.20968427516506374	6.461442172395519	5380	0.3325804471969604	13.001231527093596	0.257206073449897
Binding site: L-cysteinyl-5'-AMP	layer_12_to	0.21207523713644966	8.526539594585117	5260	0.3234471009101397	inf	0.25618024031202
Domain: (+)RNA virus helicase C-terminal	mean_from	0.14974300317807482	0.6469889047851626	15276	0.8352307677268982	inf	0.2539559269507109
Transmembrane: Helical; Signal-anchor	mean_from	0.14371059676101863	1.598870101515562	6978	1.0	inf	0.2513058760983874
Region: Coil 1A	mean_from	0.17616804644809902	3.4665075030900607	7973	0.4267939031124115	5.655913978494624	0.24939367468237666
Domain: PTS EIIA type-1	mean_from	0.15763096937969012	0.8838137921746507	3686	0.5612562249104182	3.831932773109244	0.24613420159856628
Compositional bias: Low complexity	layer_14_to	0.13865650284562406	2.0662577065817427	15413	1.0	inf	0.24354404071659302
Region: G5	layer_17_to	0.14902895365505717	36.03343860300947	11224	0.6435334848559275	inf	0.24201278594592956
Domain: SH3	mean_from	0.15557336939485045	2.076104118798882	90	0.5422681172688802	2.706919945725916	0.24178120599348485
Domain: TSP type-1 2	layer_11_to	0.2865198588589403	6.948043752459725	275	0.2081965974399021	4.086631673523431	0.24115817840253212
Zinc finger: C2H2-type 3	layer_24_to	0.15985744967306298	5.029348642148693	16292	0.4899182319641113	2.571428571428572	0.24105881867659704
Transmembrane: Helical; Name=3	layer_29_to	0.1426608663258528	3.5658413823495794	15272	0.7688835859298706	30.153846153846157	0.24066757951528062
Compositional bias: Gly residues	layer_14_to	0.13468895484223284	1.8512557116190662	4877	1.0	inf	0.23740242516233886
Domain: PABC	mean_from	0.1590194603620544	1.9522131914491294	11317	0.4643114805221557	10.416586306653809	0.23690324426316337
Domain: EGF-like 3	layer_19_to	0.1938158151412952	2.7748632659895076	3258	0.2991694211959839	4.05940594059406	0.2352353010213844
Transmembrane: Helical; Name=10	layer_02_to	0.15789877591679882	3.550404917967267	8619	0.4533735513687134	5.485564304461942	0.2342233587182655
Binding site: FAD	layer_19_to	0.14326177642828017	3.8801087271482007	2793	0.592572033405304	inf	0.23073938988087914
Domain: ACT 1	layer_31_to	0.1533813028897993	1.5173591570372134	13633	0.4618262648582458	1.878787878787879	0.23028167378362802
Binding site: UTP	layer_04_to	0.14884801595550906	9.2496924151232	5783	0.504111036658287	4.398058252427185	0.22983348596666817
Signal peptide: Tat-type signal	layer_14_to	0.12975212497176	0.5346766371835279	8810	1.0	inf	0.22970016537920365
Domain: AGC-kinase C-terminal	layer_15_to	0.13510158160101668	1.027792777799129	5075	0.7596043334120797	49.06360720830788	0.22940218704926255
Domain: EGF-like 1; calcium-binding	layer_11_to	0.1722383077672248	3.0632067905266367	13626	0.303615309116317	inf	0.21979106682808106
Transmembrane: Helical; Name=4	layer_24_to	0.16760408354440962	2.3731527075749494	8136	0.3069314360618591	32.8	0.2168139577614787
Domain: Biotinyl-binding	mean_from	0.1270101953832267	0.9520705936562307	11777	0.7303552329540253	inf	0.21638978613017706
Binding site: pyridoxal 5'-phosphate	layer_30_to	0.11987999252608002	4.347616270145817	15376	1.0	inf	0.21409435533475382
Region: Leucine-zipper	mean_from	0.1413275567896648	4.265121285123514	12027	0.4336810861773129	1.484983194188442	0.21318318980067089
Binding site: heme b; proximal binding residue	mean_from	0.11830220478392112	inf	13128	1.0	inf	0.21157466072738276
Compositional bias: Basic and acidic residues	layer_14_to	0.11559675285898115	1.4465359178686632	6690	1.0	inf	0.20723752119704017
Domain: EGF-like 1	layer_01_to	0.1240163420684625	1.8505947841197126	6093	0.5604100227355957	inf	0.20308978336353065
Compositional bias: Acidic residues	layer_05_to	0.11229657965589387	2.4716053064603924	2269	1.0	inf	0.2019184122469109
Domain: Carrier 1	layer_23_to	0.17113818400240954	1.9649388799393537	14765	0.2447968125343322	3.3455947979089635	0.20144533302334502
Transit peptide: Mitochondrion	layer_14_to	0.11164035276577852	0.45318344042458814	10467	1.0	inf	0.2008569632939567
Binding site: Mn(2+)	mean_from	0.11727836160998475	7.136244429659943	15450	0.6411600975902334	47.080442045746594	0.19828690083668396
Propeptide: Removed by sortase	mean_from	0.11824508926934456	2.9637753406447325	277	0.6081544458866119	6.374094202898551	0.19799373007024848
Site: Could be important to modulate the pK values of the two catalytic cysteine residues	layer_02_to	0.11409267524947977	21.67324290998767	8005	0.7106378946908459	inf	0.19661834178113033
Region: SAW	mean_from	0.11149695282735647	0.36326883128152476	3766	0.7499528734811715	19.984866828087167	0.19413193340716522
Intramembrane: Helical; Name=Pore helix	layer_02_to	0.10679829814506746	5.7047765238142585	5509	0.7666041186598481	inf	0.18747833449642992
Domain: ACT 2	mean_from	0.115943188022307	1.4784362596992757	10968	0.4821707904338836	4.147953216374269	0.18693566988163918
Compositional bias: Polar residues	layer_14_to	0.10232772271308883	1.7459008867118413	10163	1.0	inf	0.18565753288184778
Binding site: CTP	layer_04_to	0.11599145473262559	5.037391134380087	15450	0.4511044025421142	18.22532188841202	0.1845340790835731
Binding site: shikimate	layer_28_to	0.11347948458294371	3.1854371742906773	5260	0.4581399771145412	inf	0.18190244368311548
Binding site: Mg(2+)	mean_from	0.09999235524231942	9.197835107399586	14395	1.0	inf	0.18180554576725566
Zinc finger: C2H2-type 6	layer_05_to	0.14052085291248737	3.775998368124023	575	0.2551347981724474	5.954038375725123	0.1812270814206134
Modified residue: N6-succinyllysine	layer_03_to	0.09867497486811602	6.798503861003861	2622	1.0	inf	0.17962541629741022
Region: G2	layer_11_to	0.1050247490303248	6.620402996371989	3589	0.6119349287951922	inf	0.17928013054939307
Zinc finger: C2H2-type 5	layer_22_to	0.1335617840756915	3.606634681943945	12576	0.2599648970824021	13.231372549019609	0.17646262433438584
Binding site: substrate	layer_26_to	0.1040144684921503	4.183689622161317	14429	0.5666666626930237	41.75	0.17576618452968468
Binding site: GTP	layer_21_to	0.10824150209056084	2.190919118252309	5260	0.4669731265092001	10.527346531833071	0.17574613070020356
Binding site: 1-deoxy-D-xylulose 5-phosphate	last_layer_to	0.10565061768254234	2.959659477635442	3716	0.4824981664149266	32.86363636363637	0.17334467294922856
Intramembrane	mean_from	0.09945391968605341	2.8255543816458104	13595	0.5721770095162921	14.93844049247606	0.169453918443638
Active site: Nucleophile	mean_from	0.09175484622826706	11.07869688138837	11053	1.0	inf	0.16808690439113966
Mutagenesis	mean_from	0.09143953090314973	1.6968254371839675	4956	1.0	inf	0.1675576673083939
Binding site: L-glutamine	layer_28_to	0.10154530501927347	4.8492939292983435	2394	0.4580643466571047	31.166666666666668	0.16623831865805308
Transmembrane: Helical; Name=1	layer_24_to	0.09106480953552669	1.1182278736122513	644	0.9147708415985109	inf	0.16564024622690737
Binding site: D-ribose 5-phosphate	layer_32_to	0.09526497555521889	3.0998376623376624	509	0.628498866834354	5.121212121212121	0.16545156217745896
Zinc finger: C2H2-type 7	layer_05_to	0.11360278359631681	2.9927599190643295	575	0.28133225440979	35.36470588235294	0.1618500469228315
Binding site: GDP	layer_28_to	0.0975762931960053	4.711079926006251	412	0.399501030643781	2.8855291576673867	0.15684412798025024
Transmembrane: Helical; Name=Segment S6	layer_02_to	0.08615258852522563	1.3848004090934918	4186	0.7700039755928424	83.42644873699851	0.15496659945689498
Transmembrane: Helical; Name=11	layer_02_to	0.09652974503494813	1.9030217820295128	10216	0.352072924375534	4.441558441558442	0.1515171974716063
Binding site: Ca(2+)	layer_02_to	0.0813160826273251	4.275214487440303	7419	1.0	inf	0.15040205899786036
Topological domain: Intravirion	layer_18_to	0.080497592936373	0.11033201135305046	12700	1.0	inf	0.1490009667075922
Region: Activation loop	layer_31_to	0.08502402861084454	2.379999278733456	512	0.5603181570768356	inf	0.1476441741297621
Domain: Myosin N-terminal SH3-like	layer_01_to	0.0809973297651861	1.4253268480661685	13807	0.7324381470680237	inf	0.14586414244343301
Region: Framework-4	layer_09_to	0.07837048761355753	0.67481860302474	605	0.9909090399742126	inf	0.14525299070983433
Active site: Proton acceptor	layer_17_to	0.07767095715494	3.0052720227432044	10039	1.0	inf	0.14414595965356986
Binding site: ATP	mean_from	0.07761931264908628	3.1545516562172433	12784	1.0	inf	0.14405701853705005
Binding site: heme; axial binding residue	layer_24_to	0.07565566653379613	8.829147506190308	11314	1.0	inf	0.1406689313088262
Active site: Charge relay system	layer_29_to	0.07414097825836134	5.077433932234059	16093	1.0	inf	0.13804701572520836
Transmembrane: Helical; Name=12	layer_24_to	0.08658210710806429	0.708	5995	0.3191547319293022	10.5	0.13621188181733485
Glycosylation: N-linked (GlcNAc...) asparagine	layer_14_to	0.07195256424554876	1.931148553752295	14257	1.0	inf	0.134245799012925
Region: G1	mean_from	0.07180402661762315	1.7351267056530215	10104	0.947343188381518	inf	0.1334901464939544
Binding site: NAD(+)	layer_28_to	0.07162705576057776	1.1412964730961686	8727	0.9272430539131165	inf	0.13298163451490114
Domain: IQ	layer_25_to	0.0743307119518731	0.86791418114169	7158	0.5233846306800842	2.3947368421052637	0.1301741797418563
Binding site: ADP	mean_to	0.07021916365097507	3.283552048519535	1663	0.8333333134651184	inf	0.1295242275264063
Zinc finger: C2H2-type 9	layer_13_to	0.07201182914184716	1.8088048191313015	4982	0.5358743252853552	inf	0.12696222828208173
Modified residue: N6-(pyridoxal phosphate)lysine	layer_30_to	0.06740434261463117	8.998455598455598	5033	1.0	inf	0.12629579986441258
Zinc finger: C2H2-type 12	layer_17_to	0.08955138177894205	2.3293620274798172	5457	0.2134391516447067	3.048811013767209	0.12616744648443057
Binding site: acetyl-CoA	mean_from	0.066183627673177	2.8991910459082524	10216	1.0	inf	0.12415052333455004
Zinc finger: C2H2-type 10	layer_20_to	0.06420968844899627	1.6820904426679393	575	0.7232937216758728	inf	0.1179486055014257
Region: Linker 1	layer_13_to	0.06827596966465725	1.616460423833488	7144	0.4102737307548523	1.8571428571428568	0.11706970778862935
Signal peptide	layer_14_to	0.061421276659901984	0.13871832434052825	3701	1.0	inf	0.11573402193930664
Turn	layer_25_to	0.06183570734267468	1.3861076378433297	784	0.7121212482452393	inf	0.1137906204758978
Zinc finger: C2H2-type 8	layer_31_to	0.07490463911642817	2.1955695346122805	8550	0.2243076711893081	3.2922492912402097	0.11230610895864233
Binding site: UDP-N-acetyl-alpha-D-glucosamine	mean_from	0.061819653205534494	1.9129215874029153	6643	0.5333333611488342	25.77777777777778	0.11079666114076533
Binding site: CoA	layer_31_to	0.06021000542980836	3.3470291252283335	13186	0.6609848575158552	inf	0.11036657054793583
Active site: N6-AMP-lysine intermediate	layer_05_to	0.05729045787133726	3.7011379445653336	6224	1.0	inf	0.10837222154956588
Zinc finger: C2H2-type 11	layer_22_to	0.07088789049827222	1.9097066542869767	5944	0.2128136977553367	4.436274509803922	0.10635057911291623
Binding site: AMP	layer_17_to	0.05482237675436179	2.7419563143894736	12104	1.0	inf	0.10394617702944002
Modified residue: 4-carboxyglutamate	layer_21_to	0.054261549399003274	0.04579728059332509	7240	1.0	inf	0.10293754795465287
Modified residue: Phosphothreonine; by autocatalysis	layer_14_to	0.05295295691501437	2.1523472153021665	10104	1.0	inf	0.1005799101797637
Glycosylation: N-linked (GlcNAc...) asparagine; by host	layer_14_to	0.05195264339529521	3.122936621005626	14616	1.0	inf	0.09877373039838033
Modified residue: N6-acetyllysine; alternate	layer_03_to	0.05181835581495684	3.928719144484232	4163	1.0	inf	0.0985309973504077
Cross-link	layer_03_to	0.04948249391418715	4.189259088019418	8895	1.0	inf	0.094298845766613
Modified residue: N6-succinyllysine; alternate	layer_03_to	0.04942514469269698	3.7844672657252887	4163	1.0	inf	0.09419470258104047
Modified residue: N6-acetyllysine	layer_05_to	0.04937229825243598	2.0723483489722248	2300	1.0	inf	0.09409872613305639
Modified residue: Phosphotyrosine	mean_from	0.04905068066211316	3.2158361133691784	4582	1.0	inf	0.09351441558791916
Binding site: DNA	mean_from	0.0482092699192978	3.9362576420672837	13386	1.0	inf	0.09198405567050454
Region: RCL	max_to	0.04990105756262616	0.2740040737056511	706	0.5183502766997257	6.854430379746836	0.09103798068076059
Binding site: 3-amino-2-oxopropyl phosphate	mean_from	0.04393199613760744	0.9114437043575957	8086	0.5066268668943272	6.7105263157894735	0.08085286080779608
Modified residue: Phosphothreonine	layer_14_to	0.03551711087304097	1.3650055545547348	12114	1.0	inf	0.06859782518339386
Propeptide: Removed in mature form	mean_from	0.032972629583017665	0.1642933347057688	12176	1.0	inf	0.06384027734854465
Modified residue: Phosphoserine	layer_14_to	0.029366538539433662	1.3875231400965682	11570	1.0	inf	0.05705749592579877
Modified residue: N-acetylmethionine	mean_from	0.02629436106303362	7.9666484062734595	10463	1.0	inf	0.051241363220193424
Modified residue: N-acetylalanine	layer_16_to	0.009059617264108122	0.08995968769968136	8784	1.0	inf	0.0179565550124218
