annot_type	attn_agg	auprc_mean	auprc_median	enrichment_gmean	odds_ratio	fisher_p	n_proteins	tp	fp	fn	tn
Domain: MGS-like	layer_16_to	1.0	1.0	1.0		1.0	30	401.0	0.0	3539.0	0.0
Domain: DHFR	layer_25_to	0.9999331484949635	0.999959170341336	1.0268014307440871	inf	2.6810322043121903e-07	30	539.0	0.0	4652.0	140.0
Domain: FMN hydroxy acid dehydrogenase	layer_18_to	0.999797435727151	0.9998562867774001	1.0261897118193857	inf	4.164021986358661e-15	30	1124.0	0.0	9716.0	307.0
Domain: DPCK	layer_23_to	0.9997559687997585	0.9998518653543362	1.0318761095433713	inf	1.0674377499792971e-10	30	624.0	0.0	5296.0	210.0
Domain: RNase H type-1	layer_18_to	0.9997309338233017	0.9996963816702178	1.0822480447657403	inf	4.830269127756723e-18	30	471.0	0.0	3787.0	355.0
Domain: ASCH	layer_12_to	0.9995515690923604	0.9996336101612118	1.1379651169982252	inf	1.2305673829898862e-19	30	332.0	0.0	2420.0	362.0
Domain: YjeF C-terminal	layer_32_to	0.999480608849598	0.9997029262767829	1.1041746833026758	inf	6.680113444162926e-48	30	1022.0	0.0	8139.0	969.0
Domain: RNase H type-2	layer_21_to	0.9984631719217679	0.9990682451833091	1.2082968023557423	inf	6.5018416405166e-66	30	717.0	0.0	5089.0	1267.0
Domain: Fe/B12 periplasmic-binding	layer_28_to	0.9982797494233993	0.9991957283384807	1.1284506554636213	inf	8.786851340823327e-48	30	853.0	0.0	6632.0	955.0
Domain: HDAg	layer_02_to	0.998082047571697	0.999412693892674	1.1614494323875033	inf	6.363550958188079e-47	30	634.0	0.0	4632.0	903.0
Domain: YcgL	layer_01_to	0.997409191662467	0.9982069553453451	1.181149121720202	inf	3.301195933397604e-24	30	309.0	0.0	2238.0	457.0
Domain: GH11	layer_26_to	0.9969709324949264	0.9981037924273632	1.2660039155971126	inf	5.308984567979004e-88	30	742.0	0.0	4931.0	1647.0
Domain: WAP	layer_28_to	0.9931222475724524	0.9990543735224586	1.7467650720524959	inf	6.737365434986134e-73	30	264.0	0.0	1127.0	1101.0
Domain: BPL/LPL catalytic	layer_11_to	0.9908090771990096	0.9969001482539047	1.2145939138771715	inf	3.0501159380644967e-66	30	696.0	0.0	4914.0	1272.0
Domain: Myosin motor	layer_06_to	0.9898171904995743	0.993482599890551	1.458043976627162	inf	0.0	47	4823.0	0.0	27622.0	15425.0
Region: Uridylyl-removing	layer_24_to	0.9843049595698109	0.9872322506810418	2.4819811060895183	inf	0.0	30	2689.0	0.0	8005.0	16110.0
Domain: NodB homology	layer_21_to	0.982829316678074	0.992097724099113	1.1983326678682678	100.33333333333333	7.089813109417919e-71	30	903.0	2.0	6615.0	1470.0
Domain: Peptidase S8	layer_20_to	0.9818611920196539	0.9953970212239953	1.9783163093259302	155.76006440055988	0.0	30	2058.0	17.0	8111.0	10436.0
DNA binding: Fork-head	layer_28_to	0.9812668692519346	0.9803830329449807	4.536902412338722	3731.2390057361376	0.0	30	1236.0	2.0	1569.0	9473.0
Domain: ABM	layer_28_to	0.9772666701365197	0.9998778998778999	1.1010036655540762	2.5907364201962193	1.2161086236049732e-07	30	311.0	28.0	2388.0	557.0
Binding site: heme b; distal binding residue	layer_25_to	0.972972972972973	1.0	10.937387878013153	inf	7.257436980396548e-38	37	37.0	533.0	0.0	5015.0
Domain: GRAS	layer_32_to	0.971860592506591	0.971175931715395	1.44680515896144	inf	7.244350163288784e-288	30	1669.0	0.0	9770.0	5146.0
Region: 3 X 8 AA repeats of S-P-R-R-R-R-S-Q	layer_11_to	0.9711669513932667	0.9715237777142466	9.470446978499856	882.0102040816327	0.0	30	610.0	49.0	80.0	5668.0
DNA binding: T-box	layer_13_to	0.9651923160802365	0.9833993151770857	2.802891463636753	302.82839167537446	0.0	30	1475.0	12.0	3828.0	9431.0
Domain: TNase-like	layer_25_to	0.961977968388746	0.9848339651633855	1.5990137303562701	14.761575554540379	4.8023312116972993e-141	30	841.0	45.0	4378.0	3458.0
Region: Nucleotide-binding domain (NBD)	layer_12_to	0.9572510624237022	0.955299153402347	1.7037046225694419	555.9202615757831	0.0	30	1955.0	3.0	9481.0	8088.0
Domain: Radical SAM core	layer_24_to	0.9562052192042785	0.9656465089423071	1.6993112487670419	591.7358139534883	0.0	30	1352.0	2.0	6450.0	5646.0
Domain: GS catalytic	layer_32_to	0.9558656177471337	0.9694668221722912	1.4170029911411688	inf	2.0625443127039724e-213	32	1244.0	0.0	7260.0	3796.0
Domain: Cytochrome b561	layer_32_to	0.9553438885785019	0.9992919472048538	1.1940107237901456	4.666080035514967	1.0016971657210235e-42	30	755.0	60.0	5256.0	1949.0
Topological domain: Virion surface	layer_03_to	0.9431029861639116	0.9976909294629527	1.145305861105473	7.5712145481677116	1.83242586600165e-108	31	2043.0	67.0	15123.0	3755.0
Region: 3 X 8 AA repeats of S-P-R-R-R-[PR]-S-Q	layer_11_to	0.9420693145335618	0.9438988929456811	8.459267184546505	600.5963897246008	0.0	30	541.0	29.0	149.0	4797.0
Region: Flexible region	layer_05_to	0.9379686993775171	0.949920080102016	3.906575977729809	150.74698029243484	0.0	30	1000.0	32.0	1573.0	7588.0
Domain: PTS EIIC type-1	layer_08_to	0.9376691103954543	0.9372325375381597	1.6545613028959372	inf	0.0	30	2048.0	0.0	10392.0	7997.0
Domain: LCN-type CS-alpha/beta	layer_28_to	0.9351449945177345	0.9985756905111742	1.3025309905566844	18.851272015655578	2.686585444465618e-26	30	247.0	5.0	1533.0	585.0
Domain: Globin	layer_15_to	0.9321441401673596	0.9907556514699318	1.5352022296617536	17.87578830508599	0.0	74	1805.0	94.0	8701.0	8100.0
Domain: IF rod	layer_25_to	0.9312342043390544	0.9969322682483572	1.6592116652459294	43.15322343523252	0.0	51	2875.0	62.0	13604.0	12660.0
Domain: GMPS ATP-PPase	layer_11_to	0.9255178631535707	0.9333303437212384	1.6780784105988176	inf	1.3702797151958824e-235	29	931.0	0.0	4430.0	3847.0
Domain: ABC transmembrane type-1	layer_10_to	0.9210297094749689	0.9641419615682638	1.964672887826757	792.635463258786	0.0	30	1686.0	3.0	6260.0	8829.0
Domain: NAC-A/B	layer_25_to	0.917839279756253	0.9236578616588981	3.0196289098401747	875.7224669603524	7.1619056e-316	30	603.0	2.0	1362.0	3956.0
Domain: PINc	layer_15_to	0.910318286572803	0.979940416063447	1.3042223373167126	5.907571084699865	8.975837305233046e-60	30	548.0	68.0	3128.0	2293.0
Domain: tr-type G	layer_12_to	0.9079023819600701	0.9561437867353105	2.0082337166728785	13.164323664743117	1.6617887312550397e-302	30	1311.0	139.0	5377.0	7505.0
Domain: Tyr recombinase	layer_02_to	0.8974707623536182	0.9202814437216307	1.5951966024650557	16.929773116438355	1.48756675028365e-150	30	884.0	40.0	4672.0	3579.0
Domain: PPM-type phosphatase	layer_20_to	0.8955544176478396	0.9859295096103148	1.5240831887682178	6.984662683463343	1.763393443945694e-150	27	1171.0	139.0	6407.0	5312.0
Domain: Nudix hydrolase	layer_01_to	0.8945295878140702	0.9846855441229312	1.1899855429024169	3.701133326947152	9.570261303374587e-38	26	507.0	97.0	3121.0	2210.0
Region: Catalytic	layer_32_to	0.8941970494404577	0.9166404220698965	2.1036069789141876	37.07859164915562	0.0	66	4002.0	151.0	15468.0	21640.0
Region: Reductase	layer_21_to	0.8928135032019963	0.8934522179444049	1.620273305629047	inf	6.858014711449335e-265	30	1225.0	0.0	6398.0	4499.0
Domain: Thioredoxin	layer_12_to	0.8926550927236739	0.9863086915069521	1.17535062190513	1.8867549668874173	2.6770220533255075e-13	30	504.0	180.0	3624.0	2442.0
Domain: AB hydrolase-1	layer_21_to	0.8863873532872726	0.9443546180480178	1.9687728191934428	20.573528982759125	6.418307332643317e-240	30	1080.0	56.0	4897.0	5224.0
Domain: MPN	layer_28_to	0.8857638526795363	0.9616162337924504	2.521868854563856	39.56942222222222	0.0	31	1090.0	63.0	3125.0	7147.0
Domain: PPIase FKBP-type	layer_24_to	0.8711742226196281	0.9296940056162591	3.5047946176478355	86.22166462668298	0.0	30	1001.0	55.0	1634.0	7741.0
Domain: DAGKc	layer_16_to	0.8672258321065545	0.8908186636111841	2.293488753398283	120.28552803129074	0.0	30	918.0	13.0	3068.0	5226.0
Domain: Guanylate kinase-like	mean_from	0.8625756364581364	0.9882606720509031	1.1143925678174595	1.3618817068910893	4.7930425102283e-06	30	609.0	361.0	4774.0	3854.0
Domain: Cupin type-1 1	layer_08_to	0.858467299784773	0.88684973066502	2.3384854206704544	37.704836800731314	0.0	30	1427.0	71.0	4653.0	8729.0
Domain: UmuC	layer_11_to	0.858439071791507	0.9099364718870696	2.024704486576285	13.054070116650333	9.218234722426076e-234	30	1059.0	105.0	4519.0	5849.0
Region: N-acetyltransferase	layer_15_to	0.854822420130516	0.8807533289683603	2.0263205395712256	56.5180079648645	0.0	31	1415.0	38.0	5141.0	7803.0
Region: Large ATPase domain (RuvB-L)	layer_11_to	0.8544074608096364	0.8510688074944845	1.9222338472848222	368.35105981745494	2.8902122947694446e-295	30	1030.0	3.0	4419.0	4741.0
Domain: Biotin carboxylation	layer_12_to	0.8475916852233984	0.9875862655073477	1.5475842148790806	5.7293688225973405	3.695030453239928e-269	32	2238.0	355.0	12151.0	11043.0
Domain: ABC transmembrane type-2 1	layer_16_to	0.8471539301821408	0.8507094084229918	4.563502653557962	100.98534560339071	0.0	30	2892.0	196.0	3515.0	24057.0
DNA binding: Homeobox	layer_28_to	0.8460939471889452	0.9863657420026277	4.742166406543391	20.07730110775428	0.0	39	953.0	375.0	1324.0	10460.0
Domain: USP	layer_28_to	0.8423138182295438	0.8747750691570058	1.5580742754469705	6.256058371427395	1.6223891711770957e-259	30	1955.0	304.0	10224.0	9946.0
Domain: MCM C-terminal AAA(+) ATPase	layer_10_to	0.8400778400381682	0.8375571304800143	2.297380664106515	49.09520471187846	0.0	30	2249.0	73.0	8031.0	12798.0
Domain: Sm	layer_28_to	0.8352994229643341	0.9875251403334319	1.5144682486561392	2.6094841675178753	3.9288800392427075e-26	30	329.0	220.0	1780.0	3106.0
Domain: CoA carboxyltransferase N-terminal	layer_13_to	0.8304166278213146	0.8840051302966443	1.8158807984578604	15.12659476746164	0.0	31	1492.0	133.0	6188.0	8344.0
Domain: ZP	layer_12_to	0.8233901218504585	0.8404153345861636	1.935042741838633	8.893885999143619	1.208475e-318	30	1503.0	269.0	6112.0	9729.0
Domain: HTH dtxR-type	layer_13_to	0.8231100763173441	0.9026371388856957	2.068750150661271	10.278410217762088	3.682374737114279e-96	30	403.0	68.0	1483.0	2572.0
Domain: Peptidase S1	last_layer_to	0.8172848496199995	0.8941855383258188	1.6146136006903158	6.1644722641916685	7.827827195118909e-282	46	1890.0	369.0	9153.0	11016.0
Domain: FAD-binding FR-type	layer_24_to	0.8170747041373122	0.9646603961276511	2.675854562578015	15.120774989704065	0.0	39	1340.0	368.0	2956.0	12275.0
Domain: Tyrosine-protein phosphatase	layer_28_to	0.8168261076853881	0.903930648478142	2.306074646842807	9.856993431237187	2.8043886284033236e-287	23	1008.0	279.0	3084.0	8414.0
Region: VHIID	layer_24_to	0.8148137393977695	0.8330773863565188	6.962980835902806	70.80086177047667	0.0	30	1294.0	374.0	695.0	14222.0
Domain: PCI	layer_10_to	0.8088590670772492	0.8314833811854921	3.4222617608711605	22.62033829069398	0.0	30	1901.0	421.0	3454.0	17303.0
Domain: FAD-binding PCMH-type	layer_21_to	0.8049189684080612	0.7775021277827411	2.3622361101391838	26.344412542900425	0.0	30	1312.0	109.0	3991.0	8735.0
Domain: HTH cro/C1-type	layer_32_to	0.8044249784883909	0.9129606499089067	2.5881050350749297	10.506694751529462	3.559895501530819e-131	30	431.0	121.0	1232.0	3634.0
Domain: Peripheral subunit-binding (PSBD)	layer_21_to	0.8009738811650996	0.8300465367962981	7.967268592136573	104.08864203128542	0.0	30	895.0	401.0	242.0	11286.0
Domain: SIS 1	mean_to	0.79867785592882	0.8933759685590755	3.6034316817194947	26.9187126821113	0.0	30	1578.0	316.0	2650.0	14285.0
Region: Complementarity-determining-2	layer_22_to	0.7919710210492987	0.8024737167594309	8.774338920750026	85.55419635787807	1.2695849283576762e-292	63	331.0	421.0	60.0	6529.0
Domain: IGFBP N-terminal	layer_20_to	0.7798029033274322	0.8152829420290479	3.1312464305071184	39.18183468913423	0.0	30	766.0	64.0	1721.0	5634.0
DNA binding: HMG box	layer_28_to	0.7726132617232808	0.8589081214169678	5.32901665508326	27.7572615166962	0.0	30	1005.0	387.0	1063.0	11362.0
DNA binding: ETS	layer_28_to	0.7613149730939703	0.7677975867653538	3.930881629857803	25.77906683480454	0.0	30	1043.0	305.0	1404.0	10584.0
Domain: Fe2OG dioxygenase	layer_17_to	0.7610471844726565	0.8874308993326401	2.9082619592638	14.536824877250409	0.0	30	966.0	273.0	2162.0	8882.0
Propeptide: Activation peptide	layer_15_to	0.751348239389187	0.7723367845260531	4.850467119922831	23.67817235283624	0.0	43	1274.0	452.0	1637.0	13752.0
Domain: SH2	layer_28_to	0.7493753244862983	0.8549331969018166	3.8692909147905525	14.454263734607947	0.0	31	1176.0	670.0	1783.0	14683.0
Domain: Pyruvate carboxyltransferase	layer_29_to	0.7490186564405071	0.7836017213864455	2.11119139264124	9.240970368970597	0.0	44	2441.0	474.0	9311.0	16708.0
Domain: NR LBD	layer_31_to	0.7448307840784595	0.7406274704789333	1.7709108269938372	6.814516187685286	0.0	63	2834.0	548.0	13047.0	17192.0
Domain: C-type lectin	layer_28_to	0.7405229914433503	0.9364235975353187	1.3191174009894688	2.4578889998049407	2.0191962643554416e-45	27	536.0	660.0	2641.0	7993.0
Region: Leucine repeat I (LRI)	layer_19_to	0.7388909654974785	0.8742206313844088	7.334467739000849	45.97837244849038	0.0	30	1145.0	523.0	678.0	14239.0
Domain: Glutamine amidotransferase type-1	layer_12_to	0.7333389096182478	0.7756137898039275	1.6390235879147166	7.4581121707289935	0.0	47	2251.0	481.0	9416.0	15006.0
Domain: Histidine kinase	layer_12_to	0.7296925746338332	0.7605374025730511	1.797964538134992	6.9778023857079345	0.0	70	3329.0	1082.0	12066.0	27365.0
Region: Amidoligase domain	layer_16_to	0.7267086203699405	0.7298174859733404	1.6980408822587696	5.0156109112053056	2.0792867088326424e-172	30	1335.0	318.0	6717.0	8025.0
Domain: RRM	layer_28_to	0.7229131283577837	0.7345928624076716	3.2940870683883667	13.396502931888897	0.0	51	1441.0	653.0	2644.0	16051.0
Domain: Gnk2-homologous 1	layer_01_to	0.7162464706338518	0.7104017059462423	4.69697032451367	35.35430384182666	0.0	30	1500.0	396.0	1643.0	15335.0
Domain: F-BAR	layer_13_to	0.7151095686050823	0.7375206957346425	1.7683196540783563	2.125645679184699	3.4626057562146157e-53	31	1150.0	725.0	7163.0	9599.0
Domain: ATP-grasp	layer_07_to	0.7063853718877514	0.8239684354200947	2.1372135120593168	5.922069496848029	0.0	46	2137.0	1101.0	7143.0	21794.0
Domain: Laminin G-like 3	last_layer_to	0.7048468083774794	0.8284130429385432	4.730102943833254	21.258821971502726	0.0	18	1385.0	465.0	2030.0	14489.0
Domain: JmjC	layer_32_to	0.7041762538563268	0.8265148464789145	2.35225930297104	6.418454192549069	1.8144318166052252e-236	28	998.0	489.0	3195.0	10048.0
Domain: Protein kinase	layer_32_to	0.7003858271299056	0.8021184369050905	1.5132526777650035	4.765016327598979	0.0	168	8737.0	3874.0	36236.0	76560.0
Domain: GAIN-B	layer_20_to	0.6972982035576191	0.7420582045639683	3.6139094178329705	22.671725624048257	0.0	28	1970.0	582.0	2963.0	19846.0
Domain: GOLD	layer_27_to	0.6941629865896995	0.9787800221249271	2.1959156870409298	1.8598281656823212	1.3570547075023276e-18	30	434.0	485.0	2641.0	5489.0
Region: Coil 2	layer_27_to	0.6940645312632406	0.732583858991923	2.855808590235337	14.259659250823074	0.0	33	1385.0	381.0	3208.0	12584.0
Region: Pyrophosphorylase	layer_07_to	0.6929107640175065	0.7015679317310123	1.650515642056476	6.69848201135346	3.6007576786268066e-187	30	1194.0	213.0	5709.0	6822.0
Region: Uridylyltransferase	layer_01_to	0.6911765393326603	0.6940442613795712	2.1238740387454462	7.217452566964286	0.0	30	2129.0	560.0	8320.0	15795.0
Domain: NB-ARC	layer_06_to	0.6882978074263172	0.6905772985750701	2.3332292759992694	8.862612964287635	0.0	30	2129.0	607.0	6953.0	17569.0
Domain: FERM	layer_01_to	0.6822973243314265	0.7708192324446481	1.4829276951853012	3.356572226958472	3.0912212832053004e-173	30	1594.0	878.0	7754.0	14336.0
Region: Small ATPAse domain (RuvB-S)	layer_20_to	0.6787944897558101	0.6818408830960578	3.6038503428505204	15.095158390676337	1e-323	30	750.0	283.0	1368.0	7792.0
Region: Editing domain	layer_01_to	0.6733628872360454	0.696829037619905	3.994788588516399	44.977853349287315	0.0	30	1670.0	201.0	2607.0	14113.0
Domain: Carrier	layer_23_to	0.6668828751995327	0.9998291182501711	1.301962154226809	1.6578055307760928	1.1245799555068495e-08	19	207.0	570.0	1239.0	5656.0
Domain: PRC barrel	layer_17_to	0.6667234448648245	0.6602940503469783	2.0278930945079545	8.0828447339848	2.8335835822179987e-93	30	453.0	90.0	1842.0	2958.0
Region: Sigma-70 factor domain-2	layer_28_to	0.6658992005613782	0.7960710913353307	3.9365515554624486	27.941308713829002	0.0	31	1087.0	440.0	1109.0	12543.0
Region: Nucleotide-binding (NBD)	layer_12_to	0.6584142825515504	0.6441089414429477	2.944178596449238	10.871948644222211	0.0	30	1412.0	585.0	3246.0	14621.0
Domain: RRM 4	layer_24_to	0.6570828510395119	0.7160193165855632	5.63323440278254	26.599279631904395	0.0	30	1255.0	688.0	1117.0	16288.0
Domain: CoA carboxyltransferase C-terminal	layer_01_to	0.6567146830434297	0.6531514574583228	1.8563231681597694	8.164096239918337	1.9997316809806967e-263	30	1375.0	239.0	5968.0	8469.0
Topological domain: Extracellular	layer_06_to	0.6555974404518521	0.8156786605029023	1.239505132901157	1.821168299106581	0.0	563	23507.0	10926.0	166533.0	140966.0
Region: Framework-3	layer_10_to	0.6551384143797322	0.6930096349998613	2.584655117922472	8.247487944256793	9.698711612719086e-151	63	539.0	213.0	1547.0	5042.0
Domain: GIY-YIG	layer_20_to	0.6516034491036211	0.8104975586390606	2.4825033510428796	4.638706282667415	4.450332688607275e-110	30	569.0	435.0	1966.0	6972.0
Domain: PAS 2	layer_18_to	0.6484836503211003	0.5903178934196492	6.643644817330865	41.172087738532795	0.0	30	1529.0	1051.0	788.0	22301.0
Domain: Laminin G-like	layer_06_to	0.6367978274227869	0.8498711427033889	2.918963753502148	3.805821256195537	1.4982760684623915e-158	26	1011.0	911.0	3887.0	13330.0
Domain: ABC transporter 1	layer_06_to	0.6355915426024225	0.7013032088251396	2.5151031270620106	10.179143958434302	0.0	47	3363.0	1142.0	9023.0	31189.0
Domain: PTS EIIB type-1	layer_30_to	0.6323316106515816	0.6228173444768647	5.739670861633009	32.48852127217901	0.0	30	1375.0	673.0	1088.0	17301.0
Region: G4	layer_21_to	0.6323235210709831	0.7708333333333333	10.894597029711925	90.92184286301934	7.469291607552761e-108	34	123.0	1496.0	13.0	14376.0
Domain: B5	layer_30_to	0.6317397403387253	0.6440835359636692	5.132035838866168	20.02322278461887	0.0	30	1101.0	651.0	1220.0	14444.0
Domain: Laminin G-like 2	layer_13_to	0.6247931042321234	0.6616718151399623	4.3071052949291255	10.692583308777452	0.0	18	1167.0	682.0	2279.0	14241.0
Domain: Disintegrin	layer_23_to	0.6119970717514224	0.6406121660201203	3.815994632478816	14.460903005269904	0.0	30	1100.0	1003.0	1330.0	17537.0
Domain: Ig-like V-type	layer_01_to	0.6004024381298424	0.8028429448544876	1.550172722286128	2.619184867328646	3.3301899260967025e-62	33	651.0	811.0	3058.0	9978.0
Domain: 2Fe-2S ferredoxin-type	layer_28_to	0.5943383954319449	0.9921393124545269	1.7399201933455515	1.0285836932410417	0.3573815684978601	31	276.0	1089.0	2413.0	9793.0
Region: Coil 1B	layer_01_to	0.5928188241132835	0.6002326734516696	3.156864900663307	10.29656223883028	0.0	50	1766.0	1067.0	3510.0	21836.0
Topological domain: Lumenal	layer_02_to	0.5927796302057733	0.710961434325451	1.4674338166499687	1.518189358953883	1.4697459580898974e-55	127	3375.0	2913.0	24310.0	31855.0
Domain: HD	layer_08_to	0.5873361711132876	0.6150463358575632	4.475289995214023	15.473659159230806	0.0	33	1701.0	1103.0	2280.0	22877.0
Domain: Laminin EGF-like 2	layer_08_to	0.5836456418031495	0.7504483702375745	6.566281599024931	32.79137655007733	0.0	26	1116.0	1370.0	538.0	21657.0
Domain: GAF	layer_14_to	0.5662777554726364	0.6366553861289166	3.2221673540189886	7.716603390090505	0.0	30	1285.0	820.0	3180.0	15659.0
Domain: N-acetyltransferase	layer_31_to	0.5646584733577037	0.2771357879501036	1.001577026684379	1.1645277457869192	0.002603485830493419	38	636.0	982.0	5155.0	9269.0
Domain: Core-binding (CB)	layer_16_to	0.5635193161779081	0.5772437870693321	2.5745258046046753	8.048136645962733	1.5647551852779972e-181	30	657.0	267.0	1932.0	6319.0
Domain: CTLH	layer_23_to	0.5517231232655647	0.7579116030516307	5.308466442126078	7.550451025404113	8.494067444404767e-233	30	652.0	1108.0	1137.0	14589.0
Domain: RRM 3	layer_13_to	0.5508936804279985	0.6866309623570936	5.96875570750077	13.939157715181214	0.0	42	1454.0	1257.0	1859.0	22402.0
Domain: RGS	layer_01_to	0.5473195046119272	0.43706637232092904	2.5623325558353414	7.107186317833787	0.0	30	1141.0	1139.0	2523.0	17900.0
Domain: Helicase ATP-binding	layer_13_to	0.546581300651612	0.581211912635182	2.2969560396885855	6.224423032010135	0.0	33	1566.0	1399.0	4040.0	22465.0
Domain: ABC transporter	layer_01_to	0.5458386822895565	0.5558371246074375	0.9925070814751698	1.3049584758182706	1.6752900478485225e-08	33	900.0	1068.0	6900.0	10685.0
Domain: HAMP	layer_18_to	0.5449664756043355	0.6471902925374624	4.238325491857312	16.25323866086679	0.0	30	775.0	702.0	839.0	12352.0
Domain: B30.2/SPRY	layer_10_to	0.5435709481477313	0.5154870119927615	1.8433843644499095	5.11993154035693	2.531909039961821e-186	30	1140.0	411.0	4879.0	9006.0
Domain: bHLH	layer_28_to	0.5368805238086197	0.770368549763393	3.865389166237387	4.883882487443318	1.205353812781759e-191	49	761.0	1685.0	1848.0	19984.0
Region: Basic motif	layer_25_to	0.5363282911541598	0.527740041857234	5.104405457527209	15.779988593878715	7.774230547373068e-250	36	448.0	903.0	367.0	11673.0
Domain: Glutamine amidotransferase type-2	layer_01_to	0.5348530093303471	0.5294540351489068	1.5945296323024623	3.396745439673608	4.322473231607637e-136	31	1283.0	635.0	6392.0	10746.0
Region: RNA-binding	layer_31_to	0.5313870594794905	0.6139358050647159	5.280793145520368	7.259504132231405	4.499292269417601e-146	38	432.0	594.0	825.0	8235.0
Domain: Rho-GAP	layer_28_to	0.5255138779668933	0.2977165424146254	1.2210397210546526	3.3494983223222183	1.8546332666552822e-176	32	1251.0	1504.0	4908.0	19764.0
Domain: DH	layer_01_to	0.522100521293406	0.46294343261113247	2.2185541206309893	2.7128453393350753	1.2789844683462549e-71	20	682.0	956.0	3047.0	11587.0
Domain: Ras-GEF	layer_02_to	0.5193820754131891	0.49666579651481574	1.2839378184452703	2.4228034473172086	9.695773764653375e-86	29	1145.0	1125.0	5995.0	14271.0
Region: Serine protease	layer_01_to	0.5112718203357774	0.5006286298389706	2.0065816832215	5.507338878632621	5.759431e-317	30	1359.0	1065.0	4074.0	17583.0
Region: Switch-I	layer_01_to	0.5104116994617436	0.4910279072779073	7.364140204904112	38.3028743028743	2.0184043424916302e-167	32	221.0	518.0	72.0	6464.0
Binding site: a nucleoside 3',5'-cyclic phosphate	layer_28_to	0.5061001434544926	0.6098245757245592	2.7162767962908254	6.732252027912479	0.0	30	1171.0	1201.0	2687.0	18553.0
Domain: bZIP	layer_28_to	0.5045750424768335	0.4885405749697621	2.257534183893933	5.906919276953217	7.3370035768688674e-155	31	563.0	652.0	1381.0	9447.0
Disulfide bond	layer_20_to	0.5017625435689189	0.5873037032669448	1.4455702220384048	2.176077003522901	0.0	1038	25163.0	29384.0	137450.0	349275.0
Binding site: Fe cation	mean_from	0.5010084126996837	0.4489247311827957	9.119226793618195	49.54482359745518	1.8685483325537e-216	99	272.0	4256.0	52.0	40312.0
Domain: Sushi 2	layer_30_to	0.499340805689359	0.31918334551007016	2.5685095661361346	4.81715178276411	3.356778683820387e-113	27	467.0	822.0	1215.0	10302.0
Domain: RCK N-terminal	layer_03_to	0.4987865812914413	0.5062921963842121	2.837131481345496	6.067844640773462	2.503082635616594e-259	30	979.0	857.0	2618.0	13906.0
Domain: GS beta-grasp	layer_14_to	0.4987605048561872	0.5171654892601047	1.8200415771259684	3.2875669788424173	3.102698197553504e-73	30	516.0	669.0	2001.0	8529.0
Region: RNAPII-binding	layer_14_to	0.49619390186693363	0.46624513169174053	1.433160207965739	3.1751824817518246	6.22073178848463e-42	30	360.0	274.0	1620.0	3915.0
Domain: SET	layer_22_to	0.4960293708091279	0.4567094548133409	1.733985160390641	1.7885096366043842	1.571514469770993e-20	20	451.0	971.0	2618.0	10081.0
DNA binding: TF-B3	layer_01_to	0.494976371529556	0.4637369112175771	2.3620544074888876	5.92371850479725	5.2571403291810055e-253	30	913.0	1112.0	2206.0	15916.0
Domain: Alphavirus-like MT	layer_01_to	0.49129120913895935	0.44550818520111707	2.891750510647677	6.324530541563398	0.0	30	1635.0	1424.0	4198.0	23124.0
Region: Dimerization	layer_09_to	0.48240715989716	0.4736009891586516	2.052438820088593	4.451986073414595	6.599616850212589e-104	37	564.0	433.0	1986.0	6788.0
Domain: THUMP	layer_03_to	0.48214980435396115	0.48774369518139105	2.153166017376296	3.853099272629163	4.8759416718121707e-116	30	692.0	738.0	2481.0	10195.0
Domain: Thyroglobulin type-1	layer_25_to	0.47954963808074	0.46157277338107444	1.6780144136244133	2.7253535969514644	3.507875638932211e-58	42	570.0	683.0	2605.0	8507.0
Zinc finger	layer_18_to	0.46754930246930587	0.5618921584024851	5.233983929831245	11.241487858152384	6.992208017502334e-39	7	79.0	181.0	86.0	2215.0
Domain: Cupin type-1 2	layer_31_to	0.46245150747810765	0.46707648819946046	1.8576055289762965	3.537719537719538	1.728214905033005e-114	30	856.0	642.0	3663.0	9719.0
DNA binding	layer_24_to	0.4607497594870838	0.28571073214187664	2.5717478951138526	4.424008099105293	1.0861023915234253e-123	32	562.0	979.0	1578.0	12161.0
Region: Sigma-70 factor domain-3	layer_21_to	0.4588914113696078	0.3432726648097859	1.9738376189112454	3.3305919555919554	1.531929700414734e-79	30	505.0	990.0	1776.0	11596.0
Topological domain: Mitochondrial matrix	layer_20_to	0.4579949757356609	0.36633381430570533	1.8664598431239836	1.2645041930216367	0.0014243564980235977	30	261.0	723.0	1949.0	6827.0
Region: Framework-2	layer_04_to	0.4525549972882283	0.45128252645576805	3.340328450616652	7.467457284172662	2.017992996857475e-114	63	335.0	417.0	640.0	5949.0
Binding site: [4Fe-4S] cluster	mean_from	0.45229047310648174	0.42056878306878304	9.843325434585141	272.7914637639645	0.0	80	483.0	3491.0	18.0	35490.0
Region: Leucine repeat II (LRII)	layer_25_to	0.45173813587994577	0.4464420758055522	5.879102108603412	17.740433967674768	0.0	30	590.0	1079.0	446.0	14470.0
Region: Hinge	layer_14_to	0.45128011308769467	0.18036988784480337	2.3527295143302287	8.838709578591015	8.570565714512204e-274	30	676.0	1346.0	970.0	17071.0
Domain: PI3K/PI4K catalytic	layer_02_to	0.44187102486894236	0.37582016719072564	2.15783641544971	4.179067463586182	1.5649333946492953e-116	12	659.0	577.0	2367.0	8661.0
Domain: C2	layer_13_to	0.437916203939939	0.4970980450743416	2.096022701463084	2.96194309642999	1.636698998960159e-201	64	1571.0	2949.0	6166.0	34283.0
Domain: CBS 1	layer_05_to	0.4371683653524674	0.23681485954899484	4.530938324362609	4.916689063191277	2.9587692874641443e-135	30	536.0	1101.0	1318.0	13311.0
Domain: PAS 1	layer_01_to	0.4368847348960677	0.4819141283801063	3.510274612613626	9.511740188925819	0.0	30	998.0	1581.0	1437.0	21653.0
Domain: VWFA	layer_30_to	0.43196971265683504	0.37289640541298613	2.0061577753440125	2.6129745209908486	1.6665251527493872e-83	28	874.0	1138.0	4092.0	13922.0
Domain: Gnk2-homologous 2	layer_13_to	0.43027598221239033	0.4205933467062999	1.9462332084417067	3.8325975944884516	8.085522611840285e-136	30	754.0	1142.0	2495.0	14483.0
Transmembrane: Helical; Voltage-sensor; Name=Segment S4	layer_10_to	0.42809929673985214	0.556691007929242	4.410228632885301	17.035524321754377	0.0	55	703.0	2628.0	461.0	29358.0
Domain: PDZ	layer_24_to	0.4234798064166524	0.40737867799774735	4.296802496508006	5.720585440957757	0.0	50	1337.0	2712.0	2872.0	33326.0
Zinc finger: PHD-type	layer_28_to	0.4227637145658201	0.505974467958102	6.278912964425646	8.507136781942503	1.24382071135186e-212	24	531.0	1219.0	761.0	14862.0
Region: Switch-II	layer_19_to	0.42208043119091304	0.4450800513163543	4.504712665459299	12.26149018951596	3.944886673527823e-122	30	248.0	451.0	265.0	5909.0
Domain: PAS	layer_25_to	0.4205794753337488	0.4473459249411472	3.0013356539258105	6.874256061042287	7.040025912519346e-229	30	704.0	1022.0	1407.0	14041.0
Domain: Helicase C-terminal	layer_22_to	0.41743744680584205	0.2197526118003351	2.6600994371964077	2.2457876379081916	1.2115176563034937e-59	27	753.0	1618.0	3647.0	17599.0
Topological domain: Cytoplasmic	layer_03_to	0.4149647120674279	0.34957158386272186	1.0250616569047823	1.1535248918750394	9.277105499703057e-46	826	19251.0	25761.0	158041.0	243953.0
Topological domain: Periplasmic	layer_15_to	0.399906599664987	0.31786465607440373	1.0285978319988254	1.7786791295871198	1.0776019143437426e-50	74	1279.0	2156.0	7670.0	22997.0
Region: Framework-1	layer_13_to	0.39990305643784196	0.437902658044296	1.9090517835141512	2.8379861320470305	9.540869687119826e-35	63	287.0	465.0	1177.0	5412.0
Transmembrane: Helical; Name=Segment S3	layer_24_to	0.3961328948029542	0.4298289072344425	8.929912284576057	18.788273268515116	0.0	54	702.0	2541.0	421.0	28631.0
Active site: Acyl-ester intermediate	layer_14_to	0.39251323590433446	0.3333333333333333	8.725850449898983	22.116402116402117	8.274897164190777e-16	31	22.0	1827.0	9.0	16530.0
DNA binding: Nuclear receptor	layer_20_to	0.3898984731125531	0.32727951780851405	3.3021765402109273	4.5738093109166265	6.2894526110244e-277	63	1220.0	2162.0	3321.0	26918.0
Region: Substrate-binding domain (SBD)	layer_02_to	0.38774809066604365	0.3012201861745747	1.5759863320174665	2.6991338627992634	5.003766833439158e-84	30	807.0	1152.0	3620.0	13948.0
Domain: Ig-like C2-type	layer_22_to	0.38764639009649987	0.14924853780381184	2.1615151524911593	0.9831455508720192	0.6075384464291316	29	273.0	1411.0	2482.0	12612.0
Domain: Toprim	layer_02_to	0.3836226892433149	0.3977227382269387	1.8012820207160174	3.0313182752207144	8.730497168460466e-94	30	700.0	1274.0	2706.0	14929.0
Region: Mediates dimerization, Nef-PTE1 interaction	layer_27_to	0.3821233818397364	0.38505399104866755	4.315227927393075	11.037832420630659	1.5300309822356632e-107	30	232.0	402.0	278.0	5317.0
Coiled coil	layer_02_to	0.3786004440675934	0.353030061800086	1.9407442386484688	3.275019013004731	0.0	457	14036.0	20522.0	53331.0	255370.0
Domain: EF-hand 3	layer_02_to	0.3759066971134028	0.31557338939907087	2.458652609652542	2.923029366306028	2.647274140784677e-51	46	360.0	1294.0	1275.0	13396.0
Region: Handle region	layer_17_to	0.3700922036334254	0.372894175134021	1.9207672164545897	2.945245515339696	1.7713061891686566e-51	30	413.0	619.0	1692.0	7469.0
Domain: Fibronectin type-III 3	layer_20_to	0.3688195275548627	0.229157415440371	2.003882170199549	3.9102893238512193	9.923412261649409e-108	21	530.0	1444.0	1516.0	16151.0
Intramembrane: Discontinuously helical	layer_15_to	0.3657699633105291	0.4346705390111167	5.725722886876505	14.730999017738487	2.7899039103698465e-197	30	356.0	1282.0	270.0	14323.0
Active site: Electrophile	layer_15_to	0.36420634920634926	0.3333333333333333	12.4700797420199	inf	8.092296121982362e-31	30	30.0	733.0	0.0	6789.0
Region: Flexible hinge	layer_03_to	0.3638712209440846	0.4033423344000038	3.643554450411728	8.553591971545353	0.0	30	1345.0	1745.0	2279.0	25291.0
Topological domain: Mitochondrial intermembrane	layer_03_to	0.3588990278970725	0.08826672027043975	1.438625724408334	1.3774884619268986	1.7934814207092255e-08	42	692.0	642.0	5213.0	6662.0
Region: Complementarity-determining-1	layer_26_to	0.3575331454582026	0.35403091060985803	3.019760943196707	4.521370104783346	6.041701558648674e-52	63	215.0	537.0	536.0	6053.0
Domain: EF-hand 2	layer_03_to	0.3573440137884228	0.1669848192999111	2.3374655982697012	2.0369948057972267	6.516702487591624e-32	69	424.0	2802.0	1985.0	26721.0
Zinc finger: RING-type; atypical	layer_28_to	0.35704178532716385	0.32484360290907865	2.9768867795295963	6.278311828913028	3.493842387384013e-128	26	394.0	1052.0	727.0	12187.0
Domain: PH	layer_19_to	0.3492815047209691	0.11828138858186957	1.8555108850089455	2.1465121233709192	6.486404583510094e-82	53	1108.0	3042.0	5385.0	31735.0
Transmembrane: Helical; Name=Segment S2	layer_28_to	0.3490729177833461	0.4593465803101668	7.042892910090107	9.727215337580807	2.8996440900890063e-258	55	571.0	2760.0	621.0	29198.0
Region: Transactivation domain	layer_14_to	0.3486385806090827	0.251970736538265	0.7833718698353157	0.5060107914839055	1.0	30	289.0	1193.0	4278.0	8936.0
Domain: EF-hand 1	layer_08_to	0.3438074561705493	0.278952250419616	2.556863290177536	2.371961464523213	7.192354818983274e-50	69	487.0	2740.0	2001.0	26704.0
Domain: Rhodanese	layer_21_to	0.3427956792618511	0.09748454672474045	2.61004231505648	1.4639186345430137	9.953299796745268e-12	42	494.0	1553.0	3245.0	14934.0
Domain: RRM 2	layer_25_to	0.34246767109196147	0.22318719451967173	1.4846538861950564	2.1246988581584176	6.806170531996169e-59	58	782.0	2645.0	3743.0	26899.0
Domain: LIM zinc-binding 1	layer_13_to	0.3389309015273948	0.16605061603303073	1.9061871714670149	2.1350937798595475	1.2505467482162955e-25	30	312.0	1339.0	1453.0	13314.0
Domain: (+)RNA virus helicase ATP-binding	layer_25_to	0.33796894448196335	0.09819565985422907	4.498357270112628	4.519780624033738	4.489838318732128e-143	19	622.0	1255.0	1657.0	15111.0
Binding site: carboxy-S-adenosyl-L-methionine	layer_25_to	0.33460724609380893	0.35331689395283583	4.916946318579864	9.455006629388366	1.4964491992056482e-69	30	153.0	836.0	166.0	8576.0
Domain: UBA	mean_from	0.3343077388064835	0.37775540664833607	2.2488119791762324	3.569854801632467	5.64188550429147e-72	43	407.0	886.0	1307.0	10157.0
Domain: Guanylate cyclase	layer_31_to	0.33371591513352616	0.4750479727384769	1.3920798000914292	3.0107875231100634	2.115129046694701e-98	27	726.0	1498.0	2755.0	17115.0
Helix	layer_20_to	0.3333287981774663	0.3394457808197026	1.2598919062444285	1.2710280503534779	8.46070096908688e-166	1509	20906.0	55134.0	155967.0	522801.0
Domain: Lipoyl-binding	layer_22_to	0.3305512322930113	0.1243062172299442	1.0667328222420234	1.4803909555308963	1.142511831637985e-11	46	466.0	1443.0	3037.0	13922.0
Domain: 4Fe-4S ferredoxin-type 1	layer_05_to	0.32925958149425116	0.15062186465498317	2.751494851566894	2.1687967205208585	1.964150893510499e-15	30	168.0	924.0	754.0	8994.0
Region: Linker	layer_22_to	0.3269427215378664	0.18835321062051547	8.17127847915701	8.312228886173283	1.983520360484281e-262	64	643.0	2691.0	832.0	28943.0
Domain: PDZ 1	layer_16_to	0.32469100279458407	0.26930597087549013	2.531740749474085	3.0094194106042056	8.398050755525549e-143	56	1021.0	2678.0	3717.0	29340.0
Domain: Ig-like C2-type 3	layer_09_to	0.3219762899189732	0.25529489485260864	1.6787989717558027	3.443026686426451	1.2128357523013147e-117	35	683.0	1878.0	2186.0	20695.0
Domain: SIS 2	layer_02_to	0.31517923357482686	0.2924547422072995	1.436785233845538	1.7569611267896477	1.1609660860472687e-25	30	614.0	1280.0	3632.0	13303.0
Domain: ATP-cone	layer_01_to	0.31183579078556567	0.2792910437279641	3.1736068788195886	5.728274688665776	1.5267215383736868e-245	30	858.0	1564.0	1897.0	19808.0
Domain: EGF-like 2	layer_19_to	0.31152523155341993	0.11123353752718328	3.17704928785871	5.267958351934399	1.9764487928640664e-285	78	993.0	4463.0	1973.0	46714.0
Region: LID domain	layer_24_to	0.31093024788111984	0.32165063598372473	4.046484442757423	9.342625482625483	5.092985469056568e-80	30	189.0	350.0	259.0	4481.0
Domain: Laminin G-like 1	layer_01_to	0.30894847129151026	0.2691577242553746	1.5758942664869795	2.2844805129605823	5.9423311280464475e-53	20	636.0	1419.0	3011.0	15347.0
Region: GPS	layer_08_to	0.30867164120240537	0.2229859546252823	4.509160580322368	9.673177116461572	3.4279258040596197e-274	28	620.0	1933.0	732.0	22076.0
Zinc finger: C3H1-type 2	layer_24_to	0.306067786536586	0.25046057299101254	3.2456892499616745	4.437758835218304	3.937209760093045e-60	30	240.0	1158.0	558.0	11948.0
Domain: Calponin-homology (CH)	layer_28_to	0.3055214857685887	0.14845004023756225	3.202984290806935	2.2326166548084903	8.82133735958611e-52	30	620.0	1874.0	2880.0	19435.0
Domain: LIM zinc-binding 2	layer_02_to	0.3033837641189427	0.23571792281671594	1.7888273711918081	2.584780810587262	5.872583564803095e-41	30	350.0	1302.0	1391.0	13375.0
Zinc finger: Phorbol-ester/DAG-type 2	layer_01_to	0.3031943630670827	0.2940754249299702	4.967693155248664	8.407646613973458	2.5066763704026948e-254	30	635.0	1647.0	896.0	19539.0
Domain: PDZ 2	mean_to	0.30126559487228377	0.1043683682894318	3.4569456661912357	1.2177811449112905	4.7682038874795596e-05	56	544.0	3155.0	4100.0	28957.0
Domain: S4 RNA-binding	mean_from	0.30065953942845036	0.23333339432218936	1.6387158397760007	2.072413349947197	1.816959080759676e-26	34	378.0	937.0	1910.0	9812.0
Zinc finger: C3H1-type	layer_24_to	0.3004036001186938	0.3812174015813948	5.213417030333026	4.538990883291056	2.247222728896956e-66	29	258.0	1373.0	580.0	14010.0
Domain: SAM	layer_28_to	0.3003327844869459	0.05849283069494974	6.44518689394594	3.0285816261426017	3.368179147899719e-45	20	292.0	1287.0	984.0	13135.0
Beta strand	mean_from	0.2993223576952288	0.3100825141473782	1.8487954708229328	2.4180510545564884	0.0	1417	20002.0	51849.0	88215.0	552936.0
Domain: PB1	mean_from	0.2992054395677742	0.26910762350502093	2.1178045090609983	3.8410549751458563	6.650598280864648e-162	39	837.0	1938.0	2510.0	22323.0
Region: PFYRE	layer_30_to	0.2987530293445415	0.28642392456522003	2.0036165217192248	2.7274981061910335	9.194401228804864e-64	30	552.0	1117.0	2288.0	12628.0
Domain: Ig-like C2-type 2	mean_to	0.29560457984464317	0.17467757801049974	2.2428877100253013	1.0649663796789035	0.14214104961813268	44	394.0	2565.0	3333.0	23108.0
Zinc finger: C2H2-type	mean_from	0.29400261973345315	0.1839541927066293	3.262758865006684	8.31270365728609	5.256896998617533e-128	30	311.0	1310.0	402.0	14076.0
Domain: TSP type-1 1	layer_18_to	0.2933216273713285	0.17456523713102154	5.138095577385647	5.852229574575656	1.1470578274390055e-191	31	610.0	2401.0	1122.0	25845.0
Region: Tail	layer_29_to	0.29184165732075745	0.08425575422420563	1.4976896355138687	1.7995505238076093	9.968547880060184e-47	51	1171.0	1749.0	7082.0	19035.0
Zinc finger: NR C4-type	layer_22_to	0.29116823976831113	0.2974435712397647	3.0557085575612435	3.8302494663677034	1.9963812564403445e-153	63	759.0	2623.0	2124.0	28115.0
Region: Disordered	layer_14_to	0.2906069379908215	0.19122660131360777	1.701558518963682	1.6986564564711475	0.0	3075	46135.0	137344.0	270490.0	1367842.0
Active site: Proton donor/acceptor	layer_02_to	0.29017569406644883	0.02564102564102564	11.884707918269884	8.164537143918587	1.5121084023270876e-25	117	57.0	3589.0	63.0	32387.0
Domain: LRRCT	layer_28_to	0.2876954752702722	0.27302231115224207	3.728895423250563	3.6438176728175855	9.356216086804945e-79	30	405.0	1576.0	1165.0	16519.0
Domain: TSP type-1 2	layer_11_to	0.2865198588589403	0.36802643677847807	6.253187776865457	6.948043752459725	1.4299459211109025e-237	31	665.0	2344.0	1058.0	25911.0
Domain: RRM 1	layer_13_to	0.28636569989313154	0.13251942904930702	2.3478629793756673	1.5455863024153087	8.629457980359552e-20	58	659.0	2768.0	4090.0	26552.0
Domain: Response regulatory	mean_from	0.28330514746039714	0.17804795845862958	1.7406317092489538	2.629679352194969	7.23009626901559e-89	37	808.0	1889.0	3375.0	20749.0
Domain: PE	mean_from	0.2816703982134915	0.19169649176021522	1.513960718764722	1.8397338522377753	1.1823773645677957e-22	30	426.0	1335.0	2327.0	13416.0
Transmembrane: Helical; Name=Segment S1	layer_19_to	0.2803602943994481	0.29740122456291207	8.206498363652917	14.586116545089144	0.0	55	670.0	2661.0	506.0	29313.0
Transit peptide: Chloroplast	layer_14_to	0.2796742545993571	0.09319931831854389	1.64393455985325	0.8148558758314856	0.999820274217139	83	350.0	3075.0	3740.0	26775.0
Region: Regulatory domain	layer_11_to	0.27898410340626717	0.16074301732296173	0.46349140718320925	1.02060061487507	0.37746445539698636	30	416.0	1177.0	3657.0	10560.0
Domain: HTH lysR-type	layer_09_to	0.27466713675554366	0.26712346253864355	1.4149900361039238	1.9913835720623654	5.849939656066125e-18	30	279.0	644.0	1470.0	6757.0
Site: Transition state stabilizer	layer_03_to	0.272886374737992	0.05555555555555555	9.436595455136331	15.049359158986174	9.230049170027741e-32	71	53.0	2604.0	32.0	23661.0
Region: Substrate-binding (SBD)	layer_01_to	0.2727836913792838	0.2477224587832924	0.805709637210989	1.027513014732113	0.35173697811137794	31	297.0	1691.0	2591.0	15158.0
Domain: EGF-like 4	layer_18_to	0.27170217415969755	0.3059125363185603	3.8346905617126406	6.263339464636352	2.61044124645225e-133	26	401.0	1481.0	696.0	16100.0
Domain: FHA	layer_32_to	0.27088948452761963	0.20315219983399524	1.4639649508874477	2.8721383016656845	3.7134724869336716e-53	30	378.0	1571.0	1346.0	16067.0
Domain: Ig-like C2-type 1	layer_01_to	0.2700627380949752	0.20244877451740576	1.6389471378767206	2.514402517271248	1.0296397606162364e-76	44	724.0	2234.0	3019.0	23423.0
Zinc finger: B box-type	layer_32_to	0.2695691772928546	0.24645437346058882	3.089322747297577	4.434192410616717	2.365513512376747e-85	30	356.0	1127.0	881.0	12367.0
Region: DNA-binding	layer_08_to	0.26921853490826614	0.1308199228460339	1.626947123880893	2.117063887659646	3.0874951239035865e-25	30	317.0	1233.0	1501.0	12360.0
Domain: ABC transporter 2	layer_02_to	0.26874625244421135	0.21534262949309807	0.6752481460194042	0.8871653382478519	0.9966531930738602	38	675.0	2903.0	6633.0	25308.0
Transmembrane: Helical; Name=8	layer_01_to	0.26730643081990363	0.0625561517561864	8.328181900035457	6.396264157502524	6.043599939758923e-138	49	396.0	2779.0	619.0	27785.0
Domain: LisH	layer_18_to	0.2666618979878655	0.4170828094505592	5.251179124666267	4.420486249089343	4.191693276752488e-97	39	391.0	2157.0	896.0	21850.0
Binding site: Zn(2+)	mean_from	0.26389755683931976	0.20597201001612767	8.792407694612617	61.61309941552298	0.0	392	1689.0	22354.0	263.0	214464.0
Domain: ACT	layer_08_to	0.2630036272096334	0.19531772353499505	1.776366074218483	1.4958765134097034	4.842183193231916e-09	30	323.0	1067.0	2085.0	10303.0
Region: Binding to ATP6V1H	layer_02_to	0.2615634083315988	0.25592760944984866	1.6459406963010907	2.1023440079234073	2.428434824292331e-13	30	168.0	466.0	819.0	4776.0
Domain: 4Fe-4S ferredoxin-type 2	layer_02_to	0.2608783233872502	0.14700069092429474	2.597944322304357	1.6498681248690095	9.115169739426689e-07	30	135.0	958.0	767.0	8980.0
Zinc finger: C3H1-type 1	layer_13_to	0.25917124355983273	0.20717782767068005	2.500800160359422	3.5966462315182115	1.1495609735832256e-43	30	218.0	1180.0	611.0	11895.0
Domain: Fibronectin type-III 2	layer_13_to	0.2582718982780254	0.14129444201916633	2.977433046715775	3.0926621979774565	2.114889846194421e-99	35	641.0	2661.0	2132.0	27372.0
Transmembrane: Helical	layer_18_to	0.25777283967847214	0.16328138329999148	2.319945277617556	2.021834206672901	0.0	868	10087.0	38611.0	49761.0	385109.0
Domain: CBS 2	layer_30_to	0.25702919930507806	0.26433787036995526	2.425575846328772	1.9373678823455451	8.425531314159579e-20	30	301.0	1336.0	1524.0	13105.0
Region: Actin-binding	layer_15_to	0.2562227165084005	0.14418891399875852	1.437127086600066	2.472637483870811	2.484217281292468e-120	61	1134.0	5012.0	4598.0	50249.0
Binding site: dCTP	layer_21_to	0.2556314612393283	0.2619093668476694	4.651339931887625	8.73564722874165	7.895350075873886e-63	30	148.0	464.0	191.0	5231.0
DNA binding: H-T-H motif	layer_28_to	0.25372955526452096	0.06032750048139563	2.8188882225423035	3.43172596233961	2.244550902308521e-129	117	715.0	3400.0	2118.0	34563.0
Binding site: a divalent metal cation	mean_from	0.2534824544727954	0.25246730608572715	7.973925985279886	31.135242766503172	5.085644436997307e-169	84	234.0	3756.0	71.0	35483.0
Transmembrane: Helical; Name=7	layer_05_to	0.25201034847801645	0.0446933206212517	7.301936892733281	5.522431528502405	5.486635478180027e-237	100	769.0	6068.0	1371.0	59743.0
Binding site: Na(+)	layer_24_to	0.2512289286976141	0.19127750850511457	8.011618949214036	10.45958595342694	1.0194326868088728e-22	30	44.0	893.0	39.0	8279.0
Domain: F-box	layer_26_to	0.2492393810836019	0.0729663855180541	2.9542118083363467	2.118974751338944	1.0377482492187179e-21	30	261.0	1307.0	1206.0	12797.0
Binding site: L-tyrosine	layer_28_to	0.24866081855380237	0.25820357117038967	5.668612312725186	11.711085071478792	3.811127884530992e-34	30	64.0	1255.0	51.0	11712.0
Domain: SH3 1	layer_28_to	0.24860068742958613	0.17434463773980094	2.4220755783450896	3.243508801645996	4.8257660898872115e-63	25	371.0	1723.0	1165.0	17549.0
Region: Head domain (RuvB-H)	mean_from	0.2464477906763553	0.2452227434488986	1.335613140958516	1.5815889578374702	1.2851583420811598e-10	30	341.0	692.0	2176.0	6984.0
Domain: SH3 2	layer_28_to	0.2410469255507502	0.34012861687321266	4.477432459845006	3.976218341640846	1.1260380599262885e-92	25	430.0	1664.0	1142.0	17572.0
Domain: Macro	mean_from	0.240854324033742	0.2581779948253375	1.7622241013113347	2.659836933617568	7.721617300762904e-72	22	624.0	1641.0	2529.0	17690.0
Zinc finger: C4-type	mean_from	0.23993123512650746	0.09727585368619726	2.394220123276796	3.3442843929843793	4.017447351387144e-42	34	226.0	1780.0	656.0	17279.0
Domain: BTB	layer_28_to	0.23935669806483048	0.21055469468145727	1.2859393074226173	2.0659946467598163	1.0928550504479164e-26	30	352.0	1544.0	1688.0	15297.0
Transmembrane: Helical; Name=9	layer_29_to	0.23606795289016572	0.16825485514170727	3.3347323992718785	5.064077943360475	1.5182470381028537e-95	46	331.0	2547.0	644.0	25095.0
Topological domain: Vesicular	layer_20_to	0.23559322168472321	0.027947064924908668	2.73412765118055	1.7748689537926972	4.035169869901953e-17	35	412.0	644.0	2499.0	6933.0
Zinc finger: Phorbol-ester/DAG-type 1	layer_13_to	0.22973108673205778	0.05620862927569636	9.555809186471034	2.629555261827111	9.198263883380272e-41	30	322.0	1961.0	1201.0	19233.0
Domain: IQ 2	layer_01_to	0.2289705091775077	0.14528087662671202	3.842273322877718	4.86314831898319	2.8593766954137757e-75	28	269.0	2160.0	542.0	21165.0
Region: Sigma-70 factor domain-4	mean_from	0.22392989424368823	0.18794578289539465	1.904019495502429	2.404344730447165	1.8518055722113705e-33	32	325.0	1219.0	1378.0	12427.0
Region: Linker 12	layer_04_to	0.22286569332346368	0.22746692527211326	5.5805334743180355	8.899485461021541	1.4404518093493325e-117	30	271.0	1402.0	318.0	14641.0
Active site: Schiff-base intermediate with substrate; via pyruvic acid	layer_29_to	0.22151137814930918	0.125	12.661407955984055	83.29787234042553	3.0599374097609302e-24	30	27.0	470.0	3.0	4350.0
Domain: CUE	mean_from	0.2182730801230508	0.20574223149853094	2.309881291364532	3.608094332978445	1.883406263451803e-61	30	326.0	989.0	982.0	10749.0
Domain: Ig-like	layer_01_to	0.21821178759510754	0.014705882352941176	2.04603393179491	6.177311846558044	5.348554228584533e-233	52	757.0	1448.0	1533.0	18114.0
Domain: J	mean_from	0.216529868518223	0.1797452536102394	1.0536748666083477	1.143417481927436	0.051555158821823224	30	218.0	933.0	1739.0	8510.0
Binding site: L-cysteinyl-5'-AMP	layer_12_to	0.21207523713644966	0.23889398021016983	5.13337617651393	8.526539594585117	3.8390034796787466e-76	30	178.0	1076.0	212.0	10927.0
Propeptide	layer_11_to	0.21041182418865365	0.07603045586771733	4.513924916884953	0.6207666173056877	1.0	174	694.0	8477.0	9530.0	72261.0
Domain: Laminin EGF-like 1	layer_08_to	0.20968427516506374	0.2274360431486167	4.224375441139553	6.461442172395519	1.812399737834031e-197	28	583.0	2109.0	986.0	23047.0
Domain: EF-hand 4	layer_11_to	0.2076362557996246	0.2046870865825448	0.8056102623465956	0.8987234042553192	0.8349847996399914	30	98.0	490.0	940.0	4224.0
Transmembrane: Helical; Signal-anchor for type II membrane protein	layer_18_to	0.20444196718124089	0.04286722525394745	5.772682217847091	3.079333833538265	9.07327217933378e-51	61	311.0	2133.0	986.0	20824.0
Compositional bias: Basic residues	layer_10_to	0.2044354597903398	0.03256585575314902	3.9403019029092365	2.7734652410753293	5.6190826669207065e-238	380	1723.0	21540.0	5817.0	201689.0
Region: Modulating	max_to	0.20442857248315888	0.22398314881279466	2.0772332622701	2.813413321027534	3.8503185508913054e-24	29	186.0	264.0	2955.0	11800.0
Domain: Fibronectin type-III 1	layer_21_to	0.20201319406149854	0.060425699452860505	1.8941629965342044	1.2995939270406796	2.6625827993597693e-06	35	417.0	2885.0	2953.0	26551.0
Domain: EGF-like	layer_02_to	0.20188763232721163	0.1378966077891391	2.146555963647887	3.0372302141314838	1.3443609747161656e-41	28	261.0	1492.0	853.0	14810.0
Domain: IQ 1	layer_01_to	0.20160034141239835	0.1240914339854646	4.033631610479012	4.539016713121443	2.2555964162958042e-73	30	280.0	2355.0	601.0	22944.0
Transmembrane: Helical; Name=Segment S5	layer_05_to	0.20125282300030256	0.06785041658940777	4.468498924248025	3.335403614382045	8.061482398758064e-56	54	301.0	2944.0	864.0	28186.0
Region: Head	layer_15_to	0.1999520654822516	0.15109188321102007	1.4261644809414786	1.2083812719582576	8.864103846734382e-05	51	569.0	2426.0	4353.0	22427.0
Region: Complementarity-determining-3	layer_14_to	0.1973047320667033	0.09674471534612379	4.799204540173732	7.3242233657327995	3.88448601650781e-49	60	127.0	583.0	180.0	6052.0
Domain: EGF-like 3	layer_19_to	0.1938158151412952	0.1886041231165056	1.8273094066275615	2.7748632659895076	7.470539640992408e-24	19	165.0	1116.0	578.0	10848.0
Zinc finger: RING-type	mean_from	0.18907342395894813	0.1463556646651512	2.418877136501077	3.2601115655471733	1.3276964378249324e-116	68	694.0	3089.0	2179.0	31619.0
Sequence uncertainty	layer_20_to	0.1890632903504746	0.1638486312399356	2.362645422139231	1.2527508802816902	0.16977041720142935	29	27.0	426.0	192.0	3795.0
Region: Homomultimerization	layer_21_to	0.18588376828636538	0.21535062988967357	1.9557874742205252	0.6	0.9999901678034504	30	71.0	781.0	990.0	6534.0
Region: Linker 2	layer_16_to	0.18372331708354267	0.20066399821528638	3.5591344934356077	10.797192200557102	1.3632158499544657e-151	35	313.0	1795.0	300.0	18576.0
Zinc finger: C2H2-type 1	layer_20_to	0.18255687920697805	0.13438479830916034	4.03063772114034	4.123186098000012	4.262906358303658e-126	76	539.0	4516.0	1271.0	43908.0
Region: G3	layer_12_to	0.18179376643313785	0.21332010582010583	9.406563404016339	33.53280458250716	8.609039535721913e-79	34	106.0	1513.0	30.0	14359.0
Zinc finger: C2H2-type 2	layer_20_to	0.18097878277153295	0.11315105287692563	3.6280152446523233	4.83534865807593	2.3179430591049637e-169	80	619.0	4719.0	1260.0	46447.0
Transmembrane: Helical; Name=6	layer_24_to	0.17751144718888973	0.0666300908096846	4.954034205739158	2.738177696761508	1.6384041799843364e-77	117	563.0	6842.0	1932.0	64290.0
Region: Coil 1A	mean_from	0.17616804644809902	0.1977122444735197	2.5903692253998365	3.4665075030900607	8.678558279275619e-86	50	461.0	2373.0	1345.0	24000.0
Transmembrane: Helical; Signal-anchor for type III membrane protein	mean_from	0.17598261569500723	0.12680986547742548	2.4174468085765395	3.2667265379434216	4.789207388420377e-27	29	150.0	786.0	459.0	7857.0
Binding site: FMN	layer_29_to	0.17351118145609504	0.17955618680099616	3.039198917051869	3.9127597322092735	1.0717800724328723e-49	49	220.0	1850.0	545.0	17932.0
Domain: TGS	layer_01_to	0.17280497914465068	0.096868101328919	1.4923078129527476	2.0381160123399957	2.905353805484605e-24	30	326.0	1541.0	1569.0	15116.0
Domain: EGF-like 1; calcium-binding	layer_11_to	0.1722383077672248	0.1779133731442717	2.4382037158016483	3.0632067905266367	2.3554009238327324e-45	32	283.0	1546.0	921.0	15412.0
DNA binding: Zn(2)-C6 fungal-type	mean_from	0.17170868037004214	0.17746155633277974	3.0063414771395247	4.612843514167735	2.3861553584951366e-93	39	356.0	2341.0	771.0	23387.0
Domain: Carrier 1	layer_23_to	0.17113818400240954	0.04950227310577342	9.050009986753121	1.9649388799393537	2.3793504836100305e-18	22	252.0	2013.0	1211.0	19008.0
Transmembrane: Helical; Name=5	layer_05_to	0.1678489194859419	0.05518947028861685	3.9982831306918545	2.6766436854564235	3.2758855160541855e-79	123	598.0	7370.0	2095.0	69110.0
Transmembrane: Helical; Name=4	layer_24_to	0.16760408354440962	0.056476771754809224	3.7573987066528587	2.3731527075749494	5.443400814014403e-55	117	511.0	6880.0	2006.0	64095.0
Transmembrane: Helical; Anchor for type IV membrane protein	layer_18_to	0.16640442402430966	0.08567807630247867	3.725991484210368	0.6637490882567469	0.9985146379311831	35	52.0	914.0	681.0	7945.0
Active site	mean_from	0.16536393013143147	0.041666666666666664	6.952559978112091	6.001974689520747	3.0070416145653065e-94	337	274.0	16698.0	413.0	151063.0
Binding site: NADP(+)	mean_from	0.16354152552344575	0.17973303315337358	2.7094345313553974	3.3622915109130265	5.038871848904475e-83	130	450.0	4066.0	1281.0	38917.0
Transmembrane: Helical; Name=2	layer_01_to	0.16280614730387877	0.05126883743064141	3.9251146539231936	2.619828942395113	8.579182866652514e-76	125	593.0	7388.0	2120.0	69196.0
Active site: Nucleophile; for glutamine hydrolysis	layer_29_to	0.16256327006327007	0.14285714285714285	11.952107077282774	inf	1.007856677000424e-30	30	30.0	1623.0	0.0	14742.0
Domain: BRCT	layer_26_to	0.16207495747374281	0.0699345995802955	6.920289854039861	0.8742385080271003	0.9698727118727887	30	226.0	1956.0	2281.0	17259.0
Zinc finger: C2H2-type 3	layer_24_to	0.15985744967306298	0.14259635111112823	3.840336127050584	5.029348642148693	2.3309534392704307e-179	80	633.0	4634.0	1244.0	45802.0
Domain: PABC	mean_from	0.1590194603620544	0.1607037648742894	1.6205880536580557	1.9522131914491294	3.3627969410225836e-25	30	388.0	1557.0	1970.0	15433.0
Zinc finger: CCHC-type	mean_from	0.15823510662090817	0.08153774764462196	2.692932393004361	4.651954373728567	5.427926841575428e-43	27	158.0	1147.0	336.0	11347.0
Transmembrane: Helical; Name=10	layer_02_to	0.15789877591679882	0.13431963584894252	2.7503341366508023	3.550404917967267	5.2693279317216926e-49	42	242.0	2456.0	652.0	23493.0
Domain: PTS EIIA type-1	mean_from	0.15763096937969012	0.15735555649041744	0.9055466795904353	0.8838137921746507	0.9711096672904359	30	287.0	1761.0	2863.0	15526.0
Domain: SH3	mean_from	0.15557336939485045	0.15508512377784345	1.5988914685099553	2.076104118798882	2.652076478174845e-42	50	548.0	3334.0	2544.0	32133.0
Active site: Proton donor	layer_29_to	0.1554057684110378	0.025	10.886213614076398	5.324415514305884	7.175400162668012e-27	218	82.0	6980.0	138.0	62545.0
Compositional bias: Pro residues	layer_14_to	0.15408767571883003	0.05267278378419272	4.671375315354862	2.839714581088132	3.476838613071922e-281	343	1969.0	22339.0	6536.0	210574.0
Domain: ACT 1	layer_31_to	0.1533813028897993	0.1258253317421953	1.3876001050201567	1.5173591570372134	9.915755228686736e-13	37	413.0	2631.0	2559.0	24736.0
Domain: Gla	layer_03_to	0.15336071399144904	0.0875675765449191	1.0960357948264585	0.38962033609490754	1.0	38	78.0	1564.0	1663.0	12992.0
Zinc finger: C2H2-type 4	layer_22_to	0.15158009745143286	0.12277485876801056	2.979698290862119	4.880552699647463	9.757190419493146e-152	70	548.0	4346.0	1102.0	42654.0
Domain: (+)RNA virus helicase C-terminal	mean_from	0.14974300317807482	0.1396144787465084	0.6825114319028703	0.6469889047851626	0.9999908157101857	10	105.0	845.0	1369.0	7128.0
Region: G5	layer_17_to	0.14902895365505717	0.17735042735042736	9.212642384276114	36.03343860300947	1.5793417652567068e-61	34	81.0	1538.0	21.0	14368.0
Binding site: S-adenosyl-L-methionine	layer_17_to	0.14886671177143096	0.08895116833732071	4.842047554211449	5.330558361383132	3.2155925938469375e-31	45	97.0	1939.0	169.0	18008.0
Binding site: UTP	layer_04_to	0.14884801595550906	0.14686362853905438	4.745823043609123	9.2496924151232	1.1717699071569023e-76	40	168.0	2074.0	174.0	19869.0
Lipidation: S-geranylgeranyl cysteine	mean_from	0.1482910828469394	0.16233766233766234	10.752957270770422	321.2436647173489	3.169883924422924e-98	60	102.0	1539.0	3.0	14541.0
Transmembrane: Helical; Signal-anchor	mean_from	0.14371059676101863	0.07664985853421155	1.3883372502617737	1.598870101515562	9.616917023730936e-05	30	91.0	958.0	524.0	8820.0
Binding site: FAD	layer_19_to	0.14326177642828017	0.1638844404417162	3.0762329417767798	3.8801087271482007	3.16939539236581e-63	80	281.0	3552.0	684.0	33548.0
Transmembrane: Helical; Name=3	layer_29_to	0.1426608663258528	0.08431716491681723	2.705516523907001	3.5658413823495794	1.8663846292781442e-142	121	720.0	7047.0	1933.0	67463.0
Region: Leucine-zipper	mean_from	0.1413275567896648	0.1288232143002836	2.9558576602116107	4.265121285123514	7.098043514682015e-67	45	275.0	1764.0	641.0	17537.0
Zinc finger: C2H2-type 6	layer_05_to	0.14052085291248737	0.10070191301516909	3.619457698625156	3.775998368124023	4.775269235566217e-81	57	377.0	3850.0	955.0	36826.0
Compositional bias: Low complexity	layer_14_to	0.13865650284562406	0.05864050943517436	3.005941742328046	2.0662577065817427	0.0	1095	6413.0	66730.0	29045.0	624476.0
Domain: AGC-kinase C-terminal	layer_15_to	0.13510158160101668	0.06453582119533283	3.9661771013531713	1.027792777799129	0.3192556579862947	56	402.0	3497.0	3512.0	31400.0
Compositional bias: Gly residues	layer_14_to	0.13468895484223284	0.045374782052395105	3.913816305260179	1.8512557116190662	1.624240649664753e-42	180	708.0	10523.0	3519.0	96826.0
Zinc finger: C2H2-type 5	layer_22_to	0.1335617840756915	0.06861297510134538	3.650077614235181	3.606634681943945	7.3188255668686946e-93	71	458.0	4763.0	1212.0	45459.0
Signal peptide: Tat-type signal	layer_14_to	0.12975212497176	0.048951438568177366	1.8981993925749188	0.5346766371835279	0.9999999899362578	30	75.0	1463.0	1203.0	12547.0
Domain: Biotinyl-binding	mean_from	0.1270101953832267	0.12648742335599894	0.972693935093669	0.9520705936562307	0.710425747719875	18	136.0	1132.0	1273.0	10088.0
Domain: EGF-like 1	layer_01_to	0.1240163420684625	0.05212593054447675	2.130953870671391	1.8505947841197126	6.541202117730376e-27	71	440.0	5479.0	2199.0	50674.0
Binding site: pyridoxal 5'-phosphate	layer_30_to	0.11987999252608002	0.13244211316579735	4.05605592534262	4.347616270145817	1.6728223639667581e-16	30	59.0	1303.0	125.0	12002.0
Binding site: heme b; proximal binding residue	mean_from	0.11830220478392112	0.14285714285714285	12.034427426091982	inf	8.567125850142975e-74	73	73.0	1811.0	0.0	16670.0
Propeptide: Removed by sortase	mean_from	0.11824508926934456	0.11946640145268976	2.3282343205507563	2.9637753406447325	1.3715923091658353e-20	17	126.0	918.0	413.0	8918.0
Binding site: Mn(2+)	mean_from	0.11727836160998475	0.07571808497435659	4.582635894119437	7.136244429659943	2.308554098586655e-100	136	259.0	5945.0	335.0	54874.0
Binding site: CTP	layer_04_to	0.11599145473262559	0.11837785323088376	3.4046656825794503	5.037391134380087	3.3055032820903996e-52	46	176.0	2303.0	331.0	21818.0
Domain: ACT 2	mean_from	0.115943188022307	0.10261075301602922	1.3690785333758284	1.4784362596992757	1.0325844984411302e-10	37	377.0	2667.0	2382.0	24913.0
Compositional bias: Basic and acidic residues	layer_14_to	0.11559675285898115	0.05126453718385306	2.3786237578256793	1.4465359178686632	3.832996448017427e-110	1199	4863.0	72042.0	30617.0	656105.0
Site: Could be important to modulate the pK values of the two catalytic cysteine residues	layer_02_to	0.11409267524947977	0.08449904351984697	6.439500753865719	21.67324290998767	1.1431568146907092e-28	30	42.0	811.0	18.0	7533.0
Zinc finger: C2H2-type 7	layer_05_to	0.11360278359631681	0.07255772196963942	2.521683417378411	2.9927599190643295	3.1215019737384254e-35	41	215.0	2804.0	674.0	26307.0
Binding site: shikimate	layer_28_to	0.11347948458294371	0.10623656552110694	2.4426059512309113	3.1854371742906773	6.581212032621307e-11	30	54.0	792.0	157.0	7335.0
Compositional bias: Acidic residues	layer_05_to	0.11229657965589387	0.026544169439366036	3.6908519928593835	2.4716053064603924	2.032624811535453e-211	445	1859.0	28885.0	6972.0	267750.0
Transit peptide: Mitochondrion	layer_14_to	0.11164035276577852	0.037672549507252184	2.1488194985683267	0.45318344042458814	1.0	183	312.0	8849.0	5902.0	75860.0
Region: SAW	mean_from	0.11149695282735647	0.10827896480252147	0.43317675756199253	0.36326883128152476	1.0	30	98.0	1571.0	2186.0	12730.0
Binding site: GTP	layer_21_to	0.10824150209056084	0.07557932131037012	1.5616364499340678	2.190919118252309	6.0816981371299575e-31	130	330.0	4807.0	1390.0	44361.0
Intramembrane: Helical; Name=Pore helix	layer_02_to	0.10679829814506746	0.08205485449208923	3.0436194684149833	5.7047765238142585	2.2301287407923488e-44	30	134.0	1424.0	226.0	13701.0
Binding site: 1-deoxy-D-xylulose 5-phosphate	last_layer_to	0.10565061768254234	0.04267888973771326	2.915681576848758	2.959659477635442	2.382900211822218e-10	47	56.0	1138.0	173.0	10405.0
Region: G2	layer_11_to	0.1050247490303248	0.15086799165746537	5.6078440449460905	6.620402996371989	2.3064955751463605e-27	34	71.0	1548.0	99.0	14290.0
Binding site: substrate	layer_26_to	0.1040144684921503	0.053570826338759585	3.9859701811506834	4.183689622161317	3.101186451828929e-200	414	832.0	13487.0	1851.0	125533.0
Compositional bias: Polar residues	layer_14_to	0.10232772271308883	0.0460328061507055	2.6851039551609532	1.7459008867118413	8.363925189108122e-235	1143	4888.0	71532.0	25715.0	657015.0
Binding site: L-glutamine	layer_28_to	0.10154530501927347	0.09766500498070757	3.7492125070496427	4.8492939292983435	2.951469817002261e-32	52	109.0	2758.0	207.0	25399.0
Binding site: Mg(2+)	mean_from	0.09999235524231942	0.05281969492495808	6.84950981785336	9.197835107399586	1.6559814194264593e-307	537	684.0	22312.0	681.0	204322.0
Intramembrane	mean_from	0.09945391968605341	0.0775540360732679	1.7045974984687213	2.8255543816458104	1.4400125304160828e-32	59	215.0	3401.0	708.0	31645.0
Modified residue: N6-succinyllysine	layer_03_to	0.09867497486811602	0.028898040697760585	6.739595818561201	6.798503861003861	1.5604809223504657e-39	106	102.0	5180.0	136.0	46955.0
Binding site: GDP	layer_28_to	0.0975762931960053	0.08689338893475879	3.7920491637825138	4.711079926006251	1.6790029016890706e-43	50	154.0	2827.0	305.0	26377.0
Transmembrane: Helical; Name=11	layer_02_to	0.09652974503494813	0.0775295412003172	1.4009943211640012	1.9030217820295128	6.103536621984732e-09	32	116.0	1706.0	562.0	15729.0
Binding site: D-ribose 5-phosphate	layer_32_to	0.09526497555521889	0.09614861645934415	2.4991903073357427	3.0998376623376624	6.032237241497034e-08	30	38.0	880.0	112.0	8040.0
Active site: Nucleophile	mean_from	0.09175484622826706	0.037037037037037035	11.255710793818245	11.07869688138837	2.9025883141545354e-52	173	102.0	6925.0	83.0	62429.0
Mutagenesis	mean_from	0.09143953090314973	0.030832664789998278	3.700757614851519	1.6968254371839675	3.734320974766797e-123	1288	2748.0	66649.0	14696.0	604802.0
Transmembrane: Helical; Name=1	layer_24_to	0.09106480953552669	0.02806373314470628	5.264066053139112	1.1182278736122513	0.04014565680679317	125	302.0	7673.0	2425.0	68897.0
Zinc finger: C2H2-type 12	layer_17_to	0.08955138177894205	0.03736793580278809	2.7511464732724593	2.3293620274798172	4.76741765157724e-12	22	102.0	1647.0	405.0	15233.0
Transmembrane: Helical; Name=12	layer_24_to	0.08658210710806429	0.028237891609761197	1.7595995975887653	0.708	0.992506639267995	31	48.0	1720.0	600.0	15222.0
Transmembrane: Helical; Name=Segment S6	layer_02_to	0.08615258852522563	0.06646087524930122	1.2200422605855963	1.3848004090934918	6.425715726399972e-05	55	184.0	3147.0	1208.0	28611.0
Region: Activation loop	layer_31_to	0.08502402861084454	0.06390907204731096	1.4723297389944812	2.379999278733456	3.031648791691946e-12	16	100.0	1422.0	390.0	13199.0
Binding site: Ca(2+)	layer_02_to	0.0813160826273251	0.05323027474539428	4.587541288813856	4.275214487440303	2.2094278662422685e-131	246	526.0	13894.0	1130.0	127608.0
Domain: Myosin N-terminal SH3-like	layer_01_to	0.0809973297651861	0.0491910959778247	0.9375280699329153	1.4253268480661685	4.125035119681031e-08	45	308.0	4325.0	1968.0	39389.0
Topological domain: Intravirion	layer_18_to	0.080497592936373	0.09212302476895956	0.14975716452203786	0.11033201135305046	1.0	31	29.0	2082.0	2116.0	16761.0
Region: Framework-4	layer_09_to	0.07837048761355753	0.07529048324959586	1.0771433260944636	0.67481860302474	0.9705120394804105	30	22.0	328.0	279.0	2807.0
Active site: Proton acceptor	layer_17_to	0.07767095715494	0.007407407407407408	11.208805520296476	3.0052720227432044	1.727012832130756e-26	536	153.0	25678.0	456.0	229995.0
Binding site: ATP	mean_from	0.07761931264908628	0.060580550458953435	2.393423613726975	3.1545516562172433	0.0	998	2718.0	61772.0	7922.0	567956.0
Binding site: heme; axial binding residue	layer_24_to	0.07565566653379613	0.0026595744680851063	9.120934958704924	8.829147506190308	3.267910760897561e-19	51	40.0	2827.0	41.0	25584.0
Zinc finger: C2H2-type 8	layer_31_to	0.07490463911642817	0.05787585516939198	1.7824357954976373	2.1955695346122805	3.311139735722205e-17	39	173.0	2826.0	727.0	26074.0
Domain: IQ	layer_25_to	0.0743307119518731	0.043726067169210785	1.0145885295503434	0.86791418114169	0.8997278675750835	31	83.0	2909.0	850.0	25856.0
Active site: Charge relay system	layer_29_to	0.07414097825836134	0.026624407988426264	4.886333512974987	5.077433932234059	8.951368242965347e-56	194	184.0	10298.0	328.0	93208.0
Zinc finger: C2H2-type 9	layer_13_to	0.07201182914184716	0.039969627518575974	5.204640639891636	1.8088048191313015	3.214838543371301e-09	36	138.0	2703.0	697.0	24694.0
Glycosylation: N-linked (GlcNAc...) asparagine	layer_14_to	0.07195256424554876	0.011815787811297516	4.007609493198585	1.931148553752295	6.074038782459105e-40	846	569.0	51510.0	2645.0	462403.0
Region: G1	mean_from	0.07180402661762315	0.06346808240464528	1.4722105553290865	1.7351267056530215	0.001160759835947207	34	44.0	1575.0	228.0	14161.0
Binding site: NAD(+)	layer_28_to	0.07162705576057776	0.057749730446415744	1.7981355042378437	1.1412964730961686	0.12188098343214959	64	100.0	3209.0	785.0	28750.0
Zinc finger: C2H2-type 11	layer_22_to	0.07088789049827222	0.044605441959412545	2.626097262861611	1.9097066542869767	1.74075883848332e-08	27	107.0	1911.0	514.0	17531.0
Binding site: ADP	mean_to	0.07021916365097507	0.03558460421205519	4.206818027114009	3.283552048519535	2.445506298077398e-17	55	86.0	3148.0	238.0	28606.0
Region: Linker 1	layer_13_to	0.06827596966465725	0.08146500705386303	2.410136833203478	1.616460423833488	1.226864920725622e-05	48	107.0	2608.0	601.0	23679.0
Modified residue: N6-(pyridoxal phosphate)lysine	layer_30_to	0.06740434261463117	0.02631578947368421	10.615814582076233	8.998455598455598	1.114185783412843e-12	50	25.0	2590.0	25.0	23306.0
Binding site: acetyl-CoA	mean_from	0.066183627673177	0.019105683406332098	3.3657955990633814	2.8991910459082524	3.53747308429203e-18	59	109.0	2698.0	344.0	24686.0
Zinc finger: C2H2-type 10	layer_20_to	0.06420968844899627	0.04020011226140483	2.9272743410677124	1.6820904426679393	2.1102952066107846e-06	32	110.0	2465.0	595.0	22428.0
Turn	layer_25_to	0.06183570734267468	0.04031243535390488	2.168474510680572	1.3861076378433297	1.3158665791757036e-40	1271	2132.0	62587.0	13855.0	563768.0
Binding site: UDP-N-acetyl-alpha-D-glucosamine	mean_from	0.061819653205534494	0.06464713247134593	1.68856023211602	1.9129215874029153	1.1390119819841484e-08	45	109.0	2169.0	520.0	19794.0
Signal peptide	layer_14_to	0.061421276659901984	0.028402266854859262	1.1554717661757359	0.13871832434052825	1.0	1037	417.0	56007.0	25635.0	477610.0
Binding site: CoA	layer_31_to	0.06021000542980836	0.04643817451722744	2.875942891292579	3.3470291252283335	2.938145102474473e-12	30	57.0	1516.0	156.0	13887.0
Active site: N6-AMP-lysine intermediate	layer_05_to	0.05729045787133726	0.003766812326201691	12.255645115960032	3.7011379445653336	0.00018277159481765412	48	14.0	3298.0	34.0	29644.0
Binding site: AMP	layer_17_to	0.05482237675436179	0.014559565656796447	3.2169747318785533	2.7419563143894736	3.6991132493105634e-09	32	54.0	1886.0	179.0	17142.0
Modified residue: 4-carboxyglutamate	layer_21_to	0.054261549399003274	0.018270831081509828	9.12870932575986	0.04579728059332509	0.9999999999999999	37	2.0	1618.0	380.0	14079.0
Modified residue: Phosphothreonine; by autocatalysis	layer_14_to	0.05295295691501437	0.004500425444055229	4.745671155060026	2.1523472153021665	0.00613959487903521	34	17.0	2318.0	71.0	20837.0
Glycosylation: N-linked (GlcNAc...) asparagine; by host	layer_14_to	0.05195264339529521	0.03195419251177371	3.2234254281781323	3.122936621005626	6.174417129756926e-14	48	72.0	3298.0	209.0	29897.0
Modified residue: N6-acetyllysine; alternate	layer_03_to	0.05181835581495684	0.02554945054945055	4.868555594653444	3.928719144484232	2.171697565217856e-30	171	126.0	8371.0	289.0	75432.0
Region: RCL	max_to	0.04990105756262616	0.04781348811220763	1.9434891322726917	0.2740040737056511	0.9984455370823634	30	3.0	186.0	681.0	11569.0
Cross-link	layer_03_to	0.04948249391418715	0.025	5.0328417600425865	4.189259088019418	3.052269663251742e-110	379	447.0	21307.0	968.0	193298.0
Modified residue: N6-succinyllysine; alternate	layer_03_to	0.04942514469269698	0.014725954867838823	4.602431566970102	3.7844672657252887	5.0207216464162056e-20	117	84.0	5453.0	200.0	49135.0
Modified residue: N6-acetyllysine	layer_05_to	0.04937229825243598	0.008239898431591171	4.485556925285511	2.0723483489722248	8.129996212072565e-17	390	187.0	20896.0	809.0	187341.0
Modified residue: Phosphotyrosine	mean_from	0.04905068066211316	0.00903140883408357	6.5384382924066236	3.2158361133691784	1.5633848226996893e-19	220	100.0	13373.0	279.0	119985.0
Binding site: DNA	mean_from	0.0482092699192978	0.022860422960651626	3.5996276762262456	3.9362576420672837	1.4897939399126176e-12	46	48.0	1618.0	111.0	14728.0
Binding site: 3-amino-2-oxopropyl phosphate	mean_from	0.04393199613760744	0.043838421937431836	1.9564129363485951	0.9114437043575957	0.6685202938355803	30	14.0	733.0	136.0	6490.0
Modified residue: Phosphothreonine	layer_14_to	0.03551711087304097	0.005208333333333333	6.976309784625295	1.3650055545547348	0.000380707745989833	638	149.0	40677.0	976.0	363703.0
Propeptide: Removed in mature form	mean_from	0.032972629583017665	0.021533836060431456	0.2933654091268291	0.1642933347057688	1.0	102	38.0	4499.0	1978.0	38475.0
Modified residue: Phosphoserine	layer_14_to	0.029366538539433662	0.008987707442604437	3.5202437312610066	1.3875231400965682	4.530006812458396e-16	1487	762.0	88721.0	4917.0	794350.0
Modified residue: N-acetylmethionine	mean_from	0.02629436106303362	0.019230769230769232	10.872365044196968	7.9666484062734595	2.642023916413848e-27	132	62.0	7041.0	70.0	63331.0
Modified residue: N-acetylalanine	layer_16_to	0.009059617264108122	0.00265259454705365	11.7851132831936	0.08995968769968136	0.9999999863347003	200	2.0	9469.0	198.0	84331.0
