feature_id	annot_type	auprc_mean	auprc_median	enrichment_gmean	odds_ratio	fisher_p	n_proteins	tp	fp	fn	tn
3122	Region	1.0	1.0	1.0		1.0	1	1.0	0.0	698.0	0.0
6418	Region	1.0	1.0	1.0		1.0	1	1.0	0.0	712.0	0.0
5746	Region	1.0	1.0	1.0		1.0	1	1.0	0.0	712.0	0.0
72	Region	1.0	1.0	1.0		1.0	1	1.0	0.0	712.0	0.0
1231	Region	1.0	1.0	1.0		1.0	1	1.0	0.0	687.0	0.0
3081	Domain	1.0	1.0	1.0		1.0	1	1.0	0.0	105.0	0.0
7479	Domain	0.9863953611960745	0.9863953611960745	1.0204081434053665	inf	0.9863481228668942	1	1.0	0.0	288.0	4.0
3334	Domain	0.9863953611960745	0.9863953611960745	1.0	inf	0.9863481228668942	1	1.0	0.0	288.0	4.0
1170	Topological domain	0.9824050178932021	0.9824050178932021	1.0	inf	0.9823874755381605	1	1.0	0.0	1003.0	18.0
6290	Region	0.9801424571805006	0.9801424571805006	1.0206207375659833	inf	0.9606088873812755	2	2.0	0.0	1378.0	28.0
1093	Topological domain	0.9794725822123083	0.9794725822123083	1.0101525347220421	inf	0.9202786496985148	4	4.0	0.0	4000.0	84.0
4657	Region	0.9610251330939705	0.9610251330939705	1.0204081434053665	inf	0.9609756097560975	1	1.0	0.0	787.0	32.0
5808	Region	0.9600029033897075	0.9600029033897075	1.0204081434053665	inf	0.9599332220367279	1	1.0	0.0	574.0	24.0
2344	Region	0.9600029033897075	0.9600029033897075	1.0638297899323061	inf	0.9599332220367279	1	1.0	0.0	574.0	24.0
4733	Topological domain	0.9529149865591398	0.9529149865591398	1.1627906783327278	inf	0.9528535980148883	1	1.0	0.0	767.0	38.0
3800	Topological domain	0.9500028567843515	0.951055133298124	1.0798731710403735	inf	0.8570518911397924	3	3.0	0.0	1192.0	63.0
6947	Region	0.9366687727057337	0.9366687727057337	1.0638297899323061	inf	0.9365384615384615	1	1.0	0.0	486.0	33.0
1653	Topological domain	0.934999277769753	0.934999277769753	1.1111111405455043	inf	0.9347826086956522	1	1.0	0.0	300.0	21.0
2623	Domain	0.932819722650231	0.932819722650231	1.0638297899323061	inf	0.9322033898305084	1	1.0	0.0	109.0	8.0
1531	Domain	0.925041768659906	0.925041768659906	1.0416666899497316	inf	0.9249329758713136	1	1.0	0.0	689.0	56.0
4071	Domain	0.925041768659906	0.925041768659906	1.0	inf	0.9249329758713136	1	1.0	0.0	689.0	56.0
6731	Topological domain	0.9102912912442582	0.9102912912442582	1.086956502021148	inf	0.9101917255297679	1	1.0	0.0	901.0	89.0
2877	Domain	0.9102509438378162	0.9175072109854718	1.2012576472910133	inf	0.7529933695333236	3	3.0	0.0	1954.0	194.0
3304	Domain	0.9097547625722562	0.9097547625722562	1.136363642521141	inf	0.9094076655052264	1	1.0	0.0	260.0	26.0
667	Domain	0.9097547625722562	0.9097547625722562	1.136363642521141	inf	0.9094076655052264	1	1.0	0.0	260.0	26.0
492	Domain	0.9083262827027904	0.9175072109854718	1.1669494043663553	inf	0.7482616431153188	3	3.0	0.0	1939.0	197.0
4204	Domain	0.9080413614890821	0.9123469044167145	1.1308548991646323	inf	0.6786583335699576	4	4.0	0.0	2582.0	263.0
5524	Domain	0.8973625998284653	0.8973625998284653	1.086956502021148	0.1256198347107438	0.9874909366306427	2	1.0	1.0	1210.0	152.0
1219	Domain	0.8957384095425048	0.8957384095425048	1.0416666899497316	inf	0.8955823293172691	1	1.0	0.0	668.0	78.0
5333	Domain	0.8957384095425048	0.8957384095425048	1.136363642521141	inf	0.8955823293172691	1	1.0	0.0	668.0	78.0
5502	Domain	0.8942511908844388	0.8942511908844388	1.1501092987583936	inf	0.7992689860565859	2	2.0	0.0	1112.0	132.0
2160	Domain	0.8942511908844388	0.8942511908844388	1.1113855541164774	inf	0.7992689860565859	2	2.0	0.0	1112.0	132.0
582	Domain	0.8942511908844388	0.8942511908844388	1.17851130880693	inf	0.7992689860565859	2	2.0	0.0	1112.0	132.0
656	Domain	0.8942511908844388	0.8942511908844388	1.0638297899323061	inf	0.8940609951845907	1	1.0	0.0	556.0	66.0
5135	Domain	0.8942511908844388	0.8942511908844388	1.1111111405455043	inf	0.8940609951845907	1	1.0	0.0	556.0	66.0
6030	Domain	0.8928514178399661	0.8928514178399661	1.0989674602480592	inf	0.7968710276183889	2	2.0	0.0	1321.0	159.0
2390	Domain	0.8928514178399661	0.8928514178399661	1.10216679192356	inf	0.7968710276183889	2	2.0	0.0	1321.0	159.0
7283	Domain	0.8928514178399661	0.8928514178399661	1.137539395423266	inf	0.7968710276183889	2	2.0	0.0	1321.0	159.0
7474	Domain	0.8700156314078371	0.8700156314078371	1.086956502021148	inf	0.8697749196141479	1	1.0	0.0	540.0	81.0
2186	Domain	0.8664655561870619	0.8664655561870619	1.190476227644621	inf	0.8662921348314607	1	1.0	0.0	770.0	119.0
5634	Alternative sequence	0.8613989637305699	0.8613989637305699		0.0	1.0	1	0.0	1.0	665.0	106.0
1503	Repeat	0.861364576489768	0.861364576489768	1.190476227644621	inf	0.86084142394822	1	1.0	0.0	265.0	43.0
4234	Domain	0.8504658164793417	0.8504658164793417	1.136363642521141	inf	0.850293542074364	1	1.0	0.0	868.0	153.0
5915	Region	0.8244066226720276	0.8247794167171819	1.2712772572599553	inf	0.5595500750052962	3	3.0	0.0	1815.0	388.0
7474	Disulfide bond	0.8106657990098505	0.8106657990098505	1.1111111405455043	inf	0.8102893890675241	1	1.0	0.0	503.0	118.0
7072	Domain	0.7693832005155347	0.7664434797169799	1.2957609144025883	inf	0.45476525790348743	3	3.0	0.0	2355.0	708.0
3379	Alternative sequence	0.7683981743524836	0.7683981743524836	1.3344012796696627	inf	0.5898931294200138	2	2.0	0.0	1568.0	474.0
7299	Domain	0.7664434797169799	0.7664434797169799	1.4285714528998557	inf	0.7661448140900196	1	1.0	0.0	782.0	239.0
3661	Domain	0.7645743145743146	0.7645743145743146	1.3157894901951928	inf	0.7636363636363637	1	1.0	0.0	251.0	78.0
5135	Region	0.7634528885722489	0.7634528885722489	1.190476227644621	inf	0.7630573248407643	1	1.0	0.0	598.0	186.0
4317	Region	0.7634528885722489	0.7634528885722489	1.2820513290766447	inf	0.7630573248407643	1	1.0	0.0	598.0	186.0
7990	Domain	0.7620680917860961	0.7620680917860961	1.2195122057593062	inf	0.7613882863340564	1	1.0	0.0	350.0	110.0
5708	Region	0.7605803777529954	0.7605803777529954	1.3518451577126487	inf	0.5776757483238945	2	2.0	0.0	1218.0	385.0
3942	Region	0.7605803777529954	0.7605803777529954	1.265924222639625	inf	0.5776757483238945	2	2.0	0.0	1218.0	385.0
1312	Region	0.7605803777529954	0.7605803777529954	1.251565463194799	inf	0.5776757483238945	2	2.0	0.0	1218.0	385.0
4895	Region	0.7605803777529954	0.7605803777529954	1.3363062109844446	inf	0.5776757483238945	2	2.0	0.0	1218.0	385.0
227	Region	0.7577078669337418	0.7577078669337418	1.2820513290766447	inf	0.7573170731707317	1	1.0	0.0	620.0	199.0
5289	Region	0.7577078669337418	0.7577078669337418	1.3157894901951928	inf	0.7573170731707317	1	1.0	0.0	620.0	199.0
3304	Transmembrane	0.7502957620938335	0.7502957620938335	1.3157894901951928	inf	0.7491289198606272	1	1.0	0.0	214.0	72.0
667	Transmembrane	0.7502957620938335	0.7502957620938335	1.3513513339358236	inf	0.7491289198606272	1	1.0	0.0	214.0	72.0
953	Domain	0.7493949394939494	0.7493949394939494	1.388888833699405	inf	0.7481481481481481	1	1.0	0.0	201.0	68.0
4783	Region	0.7488610055894505	0.7488610055894505	1.3513513339358236	inf	0.7485322896281801	1	1.0	0.0	764.0	257.0
630	Domain	0.7345516930298116	0.6912403053502825	1.42497995988933	inf	0.39559981352826384	3	3.0	0.0	2248.0	815.0
2476	Topological domain	0.7344293374353671	0.7180451127819548	1.2988108656343416	0.7082452431289641	0.8306215040830711	3	2.0	1.0	946.0	335.0
667	Helix	0.7295233649534035	0.7295233649534035	1.72413798064596	inf	0.7282229965156795	1	1.0	0.0	208.0	78.0
4657	Topological domain	0.725015638031693	0.725015638031693		0.0	1.0	2	0.0	2.0	778.0	293.0
88	Domain	0.7244488063818949	0.7449539821688941	1.4289603581112447	inf	0.3794726045776538	3	3.0	0.0	2217.0	846.0
6002	Domain	0.7141962184883953	0.7141962184883953	1.419904569578361	inf	0.5094054156573016	2	2.0	0.0	1457.0	585.0
2015	Region	0.7133440061324245	0.7577078669337418	1.5693627083893638	inf	0.3610998800115182	3	3.0	0.0	1722.0	697.0
2877	Topological domain	0.6900274236102988	0.6900274236102988	1.6666666004392863	inf	0.6894243641231593	1	1.0	0.0	514.0	232.0
1219	Topological domain	0.6900274236102988	0.6900274236102988	1.72413798064596	inf	0.6894243641231593	1	1.0	0.0	514.0	232.0
5333	Topological domain	0.6900274236102988	0.6900274236102988	1.4285714528998557	inf	0.6894243641231593	1	1.0	0.0	514.0	232.0
4699	Topological domain	0.6852248394004282	0.6852248394004282		0.0	1.0	1	0.0	1.0	320.0	146.0
5275	Alternative sequence	0.6832926970858005	0.6832926970858005	1.4705882198257847	inf	0.6827586206896552	1	1.0	0.0	593.0	276.0
857	Domain	0.6636763236763237	0.6636763236763237	1.388888833699405	inf	0.6618181818181819	1	1.0	0.0	181.0	93.0
104	Repeat	0.663618928779977	0.663618928779977	1.4808721742666933	inf	0.43810476151532834	2	2.0	0.0	484.0	248.0
6504	Domain	0.6619489572598107	0.6619489572598107	1.612903213401739	inf	0.6614481409001958	1	1.0	0.0	675.0	346.0
4076	Domain	0.6619489572598107	0.6619489572598107	1.4285714528998557	inf	0.6614481409001958	1	1.0	0.0	675.0	346.0
4537	Region	0.6598393137309115	0.6551434075923263	1.3894250388196037	1.0309405940594059	0.7317201555046613	3	2.0	1.0	1616.0	833.0
5387	Region	0.6557855986396403	0.6557855986396403	2.0	inf	0.6545012165450121	1	1.0	0.0	537.0	284.0
3517	Topological domain	0.6504545135476626	0.6504545135476626	1.612903213401739	inf	0.6491646778042959	1	1.0	0.0	271.0	147.0
3661	Transmembrane	0.638095238095238	0.638095238095238	1.5151514549448057	inf	0.6363636363636364	1	1.0	0.0	209.0	120.0
6332	Disulfide bond	0.6379564381806534	0.6379564381806534	1.6971105731164515	inf	0.40578576534259164	2	2.0	0.0	890.0	508.0
4474	Disulfide bond	0.6379564381806534	0.6379564381806534	1.4285714528998557	inf	0.6371428571428571	1	1.0	0.0	445.0	254.0
6030	Topological domain	0.63598059035985	0.63598059035985	1.540102745062079	inf	0.4038659730404284	2	2.0	0.0	940.0	540.0
2390	Topological domain	0.6356790606162803	0.6356790606162803	1.612903213401739	0.5727948990435706	0.8673890876883166	2	1.0	1.0	941.0	539.0
7283	Topological domain	0.6356790606162803	0.6356790606162803	1.612903213401739	0.5727948990435706	0.8673890876883166	2	1.0	1.0	941.0	539.0
6059	Region	0.631004366812227	0.631004366812227		0.0	1.0	1	0.0	1.0	289.0	168.0
638	Region	0.6146559662272634	0.6196274707030066	1.6450191713253324	inf	0.2305195249989208	3	3.0	0.0	1499.0	947.0
2634	Region	0.6138751394955048	0.618871262891283	1.616947867906588	inf	0.2305195249989208	3	3.0	0.0	1499.0	947.0
6601	Domain	0.6116654348361664	0.6116654348361664	1.492537276254622	inf	0.36293580727218316	1	2.0	0.0	97.0	65.0
6332	Alternative sequence	0.6052212090509963	0.6052212090509963	1.612903213401739	inf	0.6042857142857143	1	1.0	0.0	422.0	277.0
4474	Alternative sequence	0.6042857142857143	0.6042857142857143		0.0	1.0	1	0.0	1.0	423.0	276.0
3099	Repeat	0.6037181996086106	0.6037181996086106		0.0	1.0	1	0.0	1.0	617.0	404.0
7283	Beta strand	0.5939574702119237	0.5939574702119237	1.6666666004392863	inf	0.5930388219544847	1	1.0	0.0	442.0	304.0
1219	Beta strand	0.5939574702119237	0.5939574702119237	2.0	inf	0.5930388219544847	1	1.0	0.0	442.0	304.0
2390	Beta strand	0.5939574702119237	0.5939574702119237	1.72413798064596	inf	0.5930388219544847	1	1.0	0.0	442.0	304.0
6030	Beta strand	0.5930388219544847	0.5930388219544847		0.0	1.0	1	0.0	1.0	443.0	303.0
2877	Beta strand	0.5930388219544847	0.5930388219544847		0.0	1.0	1	0.0	1.0	443.0	303.0
6805	Domain	0.5912641509433962	0.5912641509433962	1.5625000349245972	inf	0.589622641509434	1	1.0	0.0	249.0	174.0
7990	Alternative sequence	0.5893733340804124	0.5893733340804124	1.9230769936149668	inf	0.5878524945770065	1	1.0	0.0	270.0	190.0
1429	Region	0.589049839049839	0.589049839049839	1.7857142781116524	inf	0.5874125874125873	1	1.0	0.0	251.0	177.0
300	Transmembrane	0.5835993803461978	0.5835993803461978	1.4705882198257847	inf	0.5821782178217823	1	1.0	0.0	293.0	211.0
996	Region	0.5826612903225806	0.5826612903225806		0.0	1.0	1	0.0	1.0	289.0	206.0
996	Repeat	0.5826612903225806	0.5826612903225806		0.0	1.0	1	0.0	1.0	289.0	206.0
80	Transmembrane	0.5821782178217821	0.5821782178217821		0.0	1.0	1	0.0	1.0	294.0	210.0
4204	Topological domain	0.5819337571094012	0.5819337571094012	1.6666666004392863	inf	0.580952380952381	1	1.0	0.0	426.0	308.0
492	Topological domain	0.580952380952381	0.580952380952381		0.0	1.0	1	0.0	1.0	427.0	307.0
6059	Domain	0.5801927988794595	0.5801927988794595	1.5151514549448057	inf	0.5786026200873362	1	1.0	0.0	264.0	193.0
3758	Topological domain	0.5710323850420469	0.5710323850420469	2.173913004042296	inf	0.3220058546519027	1	2.0	0.0	274.0	210.0
5285	Topological domain	0.569466809804974	0.569466809804974	2.0	inf	0.5679012345679013	1	1.0	0.0	275.0	210.0
6599	Domain	0.5680868306961736	0.5680868306961736	1.190476227644621	0.4068157614483493	0.9163490576933413	2	1.0	1.0	939.0	382.0
5387	Topological domain	0.5679012345679012	0.5679012345679012		0.0	1.0	1	0.0	1.0	276.0	209.0
7437	Region	0.5676107480029049	0.5676107480029049	2.083333379899463	inf	0.5666666666666667	1	1.0	0.0	458.0	351.0
3260	Region	0.5666666666666667	0.5666666666666667		0.0	1.0	1	0.0	1.0	459.0	350.0
8108	Domain	0.564525462962963	0.564525462962963	1.7857142781116524	inf	0.5625	1	1.0	0.0	215.0	168.0
7049	Transmembrane	0.5636715211483521	0.5636715211483521	1.72413798064596	inf	0.5619469026548672	1	1.0	0.0	253.0	198.0
2717	Transmembrane	0.5636715211483521	0.5636715211483521	1.9230769936149668	inf	0.5619469026548672	1	1.0	0.0	253.0	198.0
6731	Repeat	0.5529767911200807	0.5529767911200807		0.0	1.0	1	0.0	1.0	548.0	442.0
5275	Domain	0.5493912775466174	0.5493912775466174	1.6666666004392863	inf	0.544973544973545	1	1.0	0.0	102.0	86.0
3304	Helix	0.5441061199934025	0.5441061199934025	2.12238174404602	inf	0.2842648468783487	2	2.0	0.0	316.0	278.0
4699	Domain	0.5377145721816283	0.5377145721816283	1.8184823786322	inf	0.28696995469039843	2	2.0	0.0	520.0	452.0
6490	Domain	0.5377145721816283	0.5377145721816283	1.7251638604075386	inf	0.28696995469039843	2	2.0	0.0	520.0	452.0
8056	Beta strand	0.5352622061482821	0.5352622061482821		0.0	1.0	1	0.0	1.0	296.0	256.0
5475	Alternative sequence	0.5339443661361469	0.5339443661361469	2.0	0.8751147842056933	0.7822831624955817	2	1.0	1.0	1089.0	953.0
7361	Domain	0.531502423263328	0.531502423263328		0.0	1.0	2	0.0	2.0	658.0	578.0
923	Domain	0.5291739038019032	0.5287773469802464	2.0245710770873386	inf	0.020514963969603485	6	6.0	0.0	1918.0	1751.0
339	Domain	0.5233408325869056	0.4992154340836013	2.0694744278709085	inf	0.036801788297537594	5	5.0	0.0	1582.0	1483.0
5019	Transmembrane	0.5180023228803716	0.5180023228803716	1.7857142781116524	inf	0.5121951219512195	1	1.0	0.0	83.0	80.0
1991	Domain	0.5081967213114754	0.5081967213114754	2.0	inf	0.5000000000000001	1	1.0	0.0	60.0	61.0
4699	Region	0.5081109741426382	0.5079522941226087	1.4940357910867823	0.7552828902522154	0.7842047927113388	4	2.0	2.0	1467.0	1108.0
5019	Active site	0.5060975609756098	0.5060975609756098		inf	0.012195121951219513	1	1.0	0.0	1.0	162.0
5808	Domain	0.5058154319008502	0.5058154319008502	1.9230769936149668	inf	0.5041736227045075	1	1.0	0.0	301.0	297.0
2069	Domain	0.5025641026152461	0.5025641026152461	2.2750787908465315	inf	0.2506415739948674	2	2.0	0.0	584.0	584.0
2476	Domain	0.49669725132194364	0.49669725132194364	1.9230769936149668	inf	0.24362621731042788	2	2.0	0.0	364.0	375.0
6557	Domain	0.4961054430977004	0.4961054430977004	2.272727285042282	inf	0.4951076320939334	1	1.0	0.0	505.0	516.0
2749	Transmembrane	0.4900103519668737	0.4900103519668737	1.9230769936149668	inf	0.48695652173913045	1	1.0	0.0	167.0	177.0
5634	Region	0.4845260961974264	0.4845260961974264	1.136363642521141	1.5244618395303327	0.6357133093361279	2	1.0	1.0	511.0	779.0
7454	Domain	0.478859077727245	0.46868089954906683	2.221612919212206	inf	0.10817846114379787	3	3.0	0.0	930.0	1024.0
6290	Helix	0.46732954545454547	0.46732954545454547		0.0	1.0	1	0.0	1.0	329.0	374.0
3379	Domain	0.4652546711336896	0.4620057254207852	1.8911936883351206	inf	0.09986359220828311	3	3.0	0.0	1420.0	1643.0
3412	Helix	0.46134020618556704	0.46134020618556704		0.0	1.0	1	0.0	1.0	179.0	208.0
6995	Domain	0.4551884405155543	0.4551884405155543	1.8518517782658734	inf	0.4540117416829745	1	1.0	0.0	463.0	558.0
6462	Alternative sequence	0.44294294294294295	0.44294294294294295		0.0	1.0	1	0.0	1.0	295.0	370.0
837	Region	0.43970970208213717	0.29264184397163123	2.9662731354174285	inf	0.05927336310011743	5	5.0	0.0	1395.0	1062.0
6625	Domain	0.4344186046511628	0.4344186046511628	2.4999999627470975	inf	0.43	1	1.0	0.0	128.0	171.0
2297	Region	0.433982234059694	0.5676107480029049	2.001601981642396	2.3460803059273423	0.44078315181718364	3	2.0	1.0	1046.0	1227.0
3678	Domain	0.43279594943000027	0.43279594943000027	2.77777766739881	inf	0.43150684931506844	1	1.0	0.0	440.0	581.0
5285	Transmembrane	0.43209876543209874	0.43209876543209874		0.0	1.0	1	0.0	1.0	210.0	275.0
3758	Transmembrane	0.43209876543209874	0.43209876543209874		0.0	1.0	1	0.0	2.0	210.0	274.0
4822	Region	0.43105564435757915	0.43105564435757915	1.3513513339358236	1.2025462962962963	0.7020887094995478	2	1.0	1.0	864.0	1039.0
8108	Region	0.4305767276422764	0.4305767276422764	2.083333379899463	inf	0.4270833333333333	1	1.0	0.0	163.0	220.0
5333	Beta strand	0.41814865154050224	0.41814865154050224	1.4705882198257847	1.0869565217391304	0.7289977334653432	2	1.0	1.0	529.0	575.0
2476	Region	0.4180478821362799	0.4180478821362799		0.0	1.0	1	0.0	1.0	227.0	315.0
134	Domain	0.4162275088458932	0.4162275088458932	1.5625000349245972	inf	0.41225626740947074	1	1.0	0.0	147.0	211.0
2946	Domain	0.4162275088458932	0.4162275088458932	2.083333379899463	inf	0.41225626740947074	1	1.0	0.0	147.0	211.0
2532	Domain	0.41509433962264153	0.41509433962264153		0.0	1.0	1	0.0	1.0	110.0	154.0
1503	Transmembrane	0.41246725227307757	0.41246725227307757	2.0	inf	0.4077669902912621	1	1.0	0.0	125.0	183.0
5887	Region	0.40743380312475824	0.40743380312475824	1.2820513290766447	0.6875	0.8340876702958445	2	1.0	1.0	784.0	539.0
8056	Repeat	0.4000154133672427	0.4000154133672427	3.333333200878572	inf	0.3960216998191681	1	1.0	0.0	218.0	334.0
6462	Domain	0.3983070445972871	0.40172785671375144	2.7384841672737945	inf	0.024453673875737967	4	4.0	0.0	1048.0	1606.0
7756	Region	0.3981601805077537	0.4031791509094759	1.9260035031910505	1.4435604177026355	0.475071300763623	6	3.0	3.0	2011.0	2903.0
8108	Alternative sequence	0.3930703799246238	0.3930703799246238	1.190476227644621	1.5483870967741935	0.6312002124269782	2	1.0	1.0	527.0	816.0
6805	Alternative sequence	0.3930703799246238	0.3930703799246238	1.3157894901951928	1.5483870967741935	0.6312002124269782	2	1.0	1.0	527.0	816.0
7159	Domain	0.3886792452830189	0.3886792452830189		0.0	1.0	1	0.0	1.0	103.0	161.0
7628	Transmembrane	0.3863840215332211	0.3863840215332211	2.680281405611054	inf	0.1915269081449916	2	2.0	0.0	295.0	381.0
7756	Domain	0.3777418097679895	0.3238458745022924	1.4898392209323117	1.5527272727272727	0.4388167696681018	6	3.0	3.0	1925.0	2989.0
4204	Transmembrane	0.37381431445817764	0.37381431445817764		0.0	1.0	2	0.0	2.0	540.0	903.0
492	Transmembrane	0.3696900982615269	0.3696900982615269	2.173913004042296	inf	0.36734693877551017	1	1.0	0.0	269.0	465.0
8096	Domain	0.36570187067314774	0.36570187067314774	2.6315789803903855	inf	0.3639921722113502	1	1.0	0.0	371.0	650.0
3678	Region	0.363013698630137	0.363013698630137		0.0	1.0	1	0.0	1.0	371.0	650.0
7113	Domain	0.35523613963039014	0.35523613963039014		0.0	1.0	1	0.0	1.0	173.0	313.0
953	Helix	0.35149342891278373	0.35149342891278373	2.77777766739881	inf	0.34444444444444444	1	1.0	0.0	92.0	177.0
4474	Beta strand	0.3512412177985949	0.3512412177985949	3.8461539872299335	inf	0.3485714285714286	1	1.0	0.0	243.0	456.0
6332	Beta strand	0.3512412177985949	0.3512412177985949	2.4999999627470975	inf	0.3485714285714286	1	1.0	0.0	243.0	456.0
3517	Transmembrane	0.35083532219570407	0.35083532219570407		0.0	1.0	1	0.0	1.0	147.0	271.0
857	Helix	0.3490909090909091	0.3490909090909091		0.0	1.0	1	0.0	1.0	96.0	178.0
4733	Domain	0.3472695788778406	0.3472695788778406	4.545454570084564	inf	0.34491315136476425	1	1.0	0.0	277.0	528.0
996	Domain	0.3446268371826684	0.3446268371826684	2.173913004042296	inf	0.3407258064516129	1	1.0	0.0	168.0	327.0
2297	Disulfide bond	0.34460756634669676	0.34460756634669676	2.941176439651569	inf	0.34161490683229806	1	1.0	0.0	219.0	424.0
4286	Domain	0.32883783116940973	0.3191333864849846	2.730976514410283	inf	0.03483456636894376	3	3.0	0.0	999.0	2064.0
3122	Beta strand	0.3234914674024116	0.3234914674024116	3.8461539872299335	inf	0.3204577968526466	1	1.0	0.0	223.0	475.0
4354	Domain	0.3191333864849846	0.3191333864849846	3.333333200878572	inf	0.31702544031311153	1	1.0	0.0	323.0	698.0
7283	Transmembrane	0.3187161526837532	0.3187161526837532	3.571428556223305	2.1623931623931623	0.5329249212471786	2	1.0	1.0	468.0	1012.0
2390	Transmembrane	0.3187161526837532	0.3187161526837532	3.8461539872299335	2.1623931623931623	0.5329249212471786	2	1.0	1.0	468.0	1012.0
6030	Transmembrane	0.3168729339125208	0.3168729339125208		0.0	1.0	2	0.0	2.0	469.0	1011.0
7931	Beta strand	0.3154533844189017	0.3154533844189017	2.77777766739881	inf	0.3103448275862069	1	1.0	0.0	134.0	300.0
5915	Domain	0.31278344671201813	0.3129251700680272		0.0	1.0	3	0.0	3.0	690.0	1513.0
2476	Helix	0.31155226022482657	0.31155226022482657	2.77777766739881	inf	0.3054054054054054	1	1.0	0.0	112.0	257.0
6504	Coiled coil	0.30919765166340507	0.30919765166340507		0.0	1.0	1	0.0	1.0	316.0	705.0
4076	Coiled coil	0.30919765166340507	0.30919765166340507		0.0	1.0	1	0.0	1.0	316.0	705.0
2344	Domain	0.30595097997052073	0.30595097997052073		0.0	1.0	2	0.0	2.0	348.0	676.0
6599	Beta strand	0.2969543147208122	0.2969543147208122		0.0	1.0	1	0.0	1.0	117.0	276.0
3320	Beta strand	0.29377990430622014	0.29377990430622014		0.0	1.0	2	0.0	2.0	376.0	718.0
436	Region	0.29264941092382596	0.29186790172389326	2.494813244482884	inf	0.024251163910213442	3	3.0	0.0	728.0	1792.0
4277	Region	0.2871287128712871	0.2871287128712871		0.0	1.0	1	0.0	1.0	261.0	647.0
7454	Peptide	0.28712552552552556	0.2882882882882883		0.0	1.0	3	0.0	3.0	562.0	1392.0
923	Peptide	0.28712552552552556	0.2882882882882883		0.0	1.0	3	0.0	3.0	562.0	1392.0
339	Peptide	0.28712552552552556	0.2882882882882883		0.0	1.0	3	0.0	3.0	562.0	1392.0
7931	Helix	0.2850574712643678	0.2850574712643678		0.0	1.0	1	0.0	1.0	124.0	310.0
3012	Region	0.28351271869533196	0.19978053943148025	1.8518517782658734	1.1606008087810513	0.6360652499038375	4	1.0	3.0	577.0	2009.0
1653	Helix	0.2826086956521739	0.2826086956521739		0.0	1.0	1	0.0	1.0	91.0	230.0
3081	Disulfide bond	0.2783018867924528	0.2783018867924528	25.000000558793555	inf	0.03773584905660377	1	1.0	0.0	3.0	102.0
3412	DNA binding	0.27507930214115783	0.27507930214115783	3.5775231625342236	inf	0.01912219989411257	3	3.0	0.0	309.0	852.0
4166	Transmembrane	0.27127976190476194	0.27127976190476194	4.545454570084564	inf	0.26250000000000007	1	1.0	0.0	83.0	236.0
5915	Helix	0.27051168293404315	0.27051168293404315		0.0	1.0	2	0.0	2.0	398.0	1071.0
2476	Transmembrane	0.2683139126378989	0.2830188679245283	3.571428556223305	1.4119402985074627	0.5978669688523105	3	1.0	2.0	335.0	946.0
4166	Disulfide bond	0.26829819277108435	0.26829819277108435	5.555555334797621	inf	0.259375	1	1.0	0.0	82.0	237.0
6685	Region	0.26641159490110267	0.26641159490110267	4.72455595535903	inf	0.06502651113467656	2	2.0	0.0	145.0	428.0
7561	Region	0.26641159490110267	0.26641159490110267	4.055535599038338	inf	0.06502651113467656	2	2.0	0.0	145.0	428.0
2376	Region	0.26641159490110267	0.26641159490110267	3.3407655541296575	inf	0.06502651113467656	2	2.0	0.0	145.0	428.0
1219	Transmembrane	0.26639892904953144	0.26639892904953144		0.0	1.0	1	0.0	1.0	199.0	547.0
5333	Transmembrane	0.26639892904953144	0.26639892904953144		0.0	1.0	1	0.0	1.0	199.0	547.0
2877	Transmembrane	0.26639892904953144	0.26639892904953144		0.0	1.0	1	0.0	1.0	199.0	547.0
88	Alternative sequence	0.26433002497258024	0.020802377414561663	1.190476227644621	1.7134831460674158	0.5365309261253267	3	1.0	2.0	534.0	1830.0
2297	Domain	0.2633416991082272	0.08148148148148149	1.5151514549448057	1.6242990654205607	0.553363220518949	3	1.0	2.0	535.0	1738.0
5275	Repeat	0.2631234839598958	0.2675662168915542	3.559104868895726	inf	0.0011734313679329625	5	5.0	0.0	1120.0	3207.0
4286	Region	0.2619047619047619	0.22309197651663404		0.0	1.0	3	0.0	3.0	803.0	2260.0
2095	Region	0.259375	0.259375		0.0	1.0	1	0.0	1.0	83.0	236.0
3518	Domain	0.2582345487399809	0.2582345487399809	4.166666759798927	inf	0.25538160469667315	1	1.0	0.0	260.0	761.0
6490	Region	0.2556415705322809	0.2556415705322809		0.0	1.0	2	0.0	2.0	249.0	723.0
4234	Region	0.2534246575342466	0.2534246575342466		0.0	1.0	1	0.0	1.0	259.0	762.0
3012	Domain	0.2519569471624266	0.2519569471624266		0.0	1.0	2	0.0	2.0	182.0	1083.0
5857	Beta strand	0.2514908239209825	0.2514908239209825	3.8461539872299335	inf	0.24853228962818003	1	1.0	0.0	253.0	768.0
667	Topological domain	0.2508710801393728	0.2508710801393728		0.0	1.0	1	0.0	1.0	72.0	214.0
3304	Topological domain	0.2508710801393728	0.2508710801393728		0.0	1.0	1	0.0	1.0	72.0	214.0
5468	Zinc finger	0.25	0.25		0.0	1.0	3	0.0	3.0	276.0	825.0
1429	Domain	0.2494172494172494	0.2494172494172494		0.0	1.0	1	0.0	1.0	107.0	321.0
7068	Coiled coil	0.2491506228765572	0.2491506228765572		0.0	1.0	1	0.0	1.0	220.0	662.0
4419	Coiled coil	0.2491506228765572	0.2491506228765572		0.0	1.0	1	0.0	1.0	220.0	662.0
4822	Coiled coil	0.2491506228765572	0.2491506228765572		0.0	1.0	1	0.0	1.0	220.0	662.0
3641	Beta strand	0.24853228962818003	0.24853228962818003		0.0	1.0	1	0.0	1.0	254.0	767.0
3397	Region	0.24804305283757339	0.25		0.0	1.0	8	0.0	8.0	2028.0	6140.0
7628	Domain	0.24778761061946902	0.24778761061946902		0.0	1.0	1	0.0	1.0	56.0	169.0
1653	Beta strand	0.24314699792960662	0.24314699792960662	4.999999925494195	inf	0.23291925465838506	1	1.0	0.0	74.0	247.0
4699	Alternative sequence	0.24074074074074073	0.24074074074074073		0.0	1.0	1	0.0	1.0	117.0	368.0
6490	Alternative sequence	0.24074074074074073	0.24074074074074073		0.0	1.0	1	0.0	1.0	117.0	368.0
6002	Coiled coil	0.24021526418786693	0.24021526418786693		0.0	1.0	2	0.0	2.0	491.0	1551.0
3122	Helix	0.23891273247496422	0.23891273247496422		0.0	1.0	1	0.0	1.0	167.0	531.0
2376	Helix	0.2354948805460751	0.2354948805460751		0.0	1.0	1	0.0	1.0	69.0	223.0
6685	Helix	0.2354948805460751	0.2354948805460751		0.0	1.0	1	0.0	1.0	69.0	223.0
7561	Helix	0.2354948805460751	0.2354948805460751		0.0	1.0	1	0.0	1.0	69.0	223.0
5333	Helix	0.235471132440626	0.235471132440626		0.0	1.0	2	0.0	2.0	194.0	910.0
2839	Domain	0.232728458755856	0.232728458755856	4.999999925494195	inf	0.22602739726027396	1	1.0	0.0	230.0	791.0
5387	Transmembrane	0.23017525114037685	0.23017525114037685	3.1250000698491944	4.678260869565217	0.3221327642966946	2	1.0	1.0	230.0	1076.0
3057	Domain	0.22937792800806497	0.22937792800806497	5.555555334797621	inf	0.22602739726027396	1	1.0	0.0	230.0	791.0
2452	Domain	0.22937792800806497	0.22937792800806497	7.14285711244661	inf	0.22602739726027396	1	1.0	0.0	230.0	791.0
7299	Region	0.22896281800391388	0.22896281800391388		0.0	1.0	1	0.0	1.0	234.0	787.0
4155	Alternative sequence	0.22896281800391388	0.22896281800391388		0.0	1.0	1	0.0	1.0	234.0	787.0
77	Domain	0.2247383773512693	0.17177980728565387	2.380952455289242	1.6686626746506985	0.4053279983184922	6	2.0	5.0	1002.0	4180.0
4354	Region	0.22309197651663404	0.22309197651663404		0.0	1.0	1	0.0	1.0	228.0	793.0
2344	Repeat	0.22014051522248243	0.22014051522248243		0.0	1.0	1	0.0	1.0	94.0	332.0
5475	Zinc finger	0.21673189823874756	0.21673189823874756		0.0	1.0	2	0.0	2.0	443.0	1599.0
2095	Compositional bias	0.209375	0.209375		0.0	1.0	1	0.0	1.0	67.0	252.0
88	Coiled coil	0.20841487279843443	0.17123287671232876		0.0	1.0	3	0.0	3.0	639.0	2424.0
3678	Compositional bias	0.20645792563600782	0.20645792563600782		0.0	1.0	1	0.0	1.0	211.0	810.0
630	Coiled coil	0.20596868884540115	0.20596868884540115		0.0	1.0	2	0.0	2.0	421.0	1621.0
436	Domain	0.20332936979785968	0.20332936979785968		0.0	1.0	3	0.0	3.0	513.0	2007.0
837	Helix	0.20315846104991198	0.20315846104991198	4.999999925494195	4.472906403940887	0.3331167949737245	2	1.0	1.0	203.0	908.0
656	Transmembrane	0.20224719101123595	0.20224719101123595		0.0	1.0	1	0.0	1.0	126.0	496.0
5502	Transmembrane	0.20224719101123595	0.20224719101123595		0.0	1.0	2	0.0	2.0	252.0	992.0
582	Transmembrane	0.20224719101123595	0.20224719101123595		0.0	1.0	2	0.0	2.0	252.0	992.0
2160	Transmembrane	0.20224719101123595	0.20224719101123595		0.0	1.0	2	0.0	2.0	252.0	992.0
77	Region	0.2010965217393097	0.22940831709079015	5.1321679168501255	16.263645726055614	0.006440812002076361	5	4.0	1.0	971.0	3948.0
6731	Domain	0.20089006183859867	0.20089006183859867	5.555555334797621	inf	0.19677093844601412	1	1.0	0.0	194.0	796.0
3041	Domain	0.2	0.2		0.0	1.0	1	0.0	1.0	161.0	643.0
4023	Domain	0.2	0.2		0.0	1.0	1	0.0	1.0	161.0	643.0
3622	Propeptide	0.19960861056751467	0.19960861056751467		0.0	1.0	1	0.0	1.0	204.0	817.0
3641	Propeptide	0.19960861056751467	0.19960861056751467		0.0	1.0	1	0.0	1.0	204.0	817.0
5857	Propeptide	0.19960861056751467	0.19960861056751467		0.0	1.0	4	0.0	4.0	816.0	3268.0
7072	Propeptide	0.19960861056751467	0.19960861056751467		0.0	1.0	1	0.0	1.0	204.0	817.0
2787	Propeptide	0.19960861056751467	0.19960861056751467		0.0	1.0	1	0.0	1.0	204.0	817.0
4657	Transmembrane	0.19939687495514466	0.2764815273989586	4.003203963284792	8.299363057324841	0.09912580986379381	3	2.0	1.0	314.0	1303.0
8174	Domain	0.19880472737040022	0.19880472737040022	8.333333519597854	inf	0.19406392694063926	1	1.0	0.0	169.0	706.0
6557	Region	0.19765166340508805	0.19765166340508805		0.0	1.0	1	0.0	1.0	202.0	819.0
5634	Domain	0.19093083082720388	0.19093083082720388	4.166666759798927	inf	0.18523316062176168	1	1.0	0.0	142.0	629.0
5275	Region	0.18853185433448383	0.13955479452054795		0.0	1.0	6	0.0	6.0	676.0	3839.0
3412	Beta strand	0.18814432989690721	0.18814432989690721		0.0	1.0	1	0.0	1.0	73.0	314.0
5468	Domain	0.18751477017606052	0.1875		0.0	1.0	3	0.0	3.0	207.0	894.0
7072	Region	0.1873776908023483	0.23385518590998042		0.0	1.0	4	0.0	4.0	766.0	3318.0
436	Compositional bias	0.18231134820908892	0.1815486711443905	4.141259548664402	inf	0.0054934181918907055	3	3.0	0.0	443.0	2077.0
6995	Region	0.1780821917808219	0.1780821917808219		0.0	1.0	1	0.0	1.0	182.0	839.0
630	Region	0.17645140247879976	0.23874755381604695		0.0	1.0	3	0.0	3.0	541.0	2522.0
3320	Helix	0.17401545822598455	0.17401545822598455		0.0	1.0	2	0.0	2.0	96.0	998.0
3304	Beta strand	0.17388338238444798	0.17388338238444798		0.0	1.0	2	0.0	2.0	107.0	487.0
2476	Compositional bias	0.1731123388581952	0.1731123388581952		0.0	1.0	1	0.0	1.0	94.0	448.0
7299	Coiled coil	0.17123287671232876	0.17123287671232876		0.0	1.0	1	0.0	1.0	175.0	846.0
5708	Helix	0.1708220415537489	0.1708220415537489	5.555555334797621	inf	0.16463414634146342	1	1.0	0.0	134.0	685.0
227	Helix	0.1708220415537489	0.1708220415537489	25.000000558793555	inf	0.16463414634146342	1	1.0	0.0	134.0	685.0
3099	Domain	0.17025440313111545	0.17025440313111545		0.0	1.0	1	0.0	1.0	174.0	847.0
4166	Region	0.16875	0.16875		0.0	1.0	1	0.0	1.0	54.0	265.0
3397	Domain	0.16782985343938722	0.16935746901500326	6.9442595417805935	inf	4.846539596048291e-07	8	8.0	0.0	1323.0	6845.0
837	Transit peptide	0.16562986630519852	0.17064846416382254		0.0	1.0	3	0.0	3.0	142.0	712.0
5289	Helix	0.16463414634146342	0.16463414634146342		0.0	1.0	1	0.0	1.0	135.0	684.0
4537	Helix	0.16463414634146342	0.16463414634146342		0.0	1.0	1	0.0	1.0	135.0	684.0
3942	Helix	0.16463414634146342	0.16463414634146342		0.0	1.0	1	0.0	1.0	135.0	684.0
1312	Helix	0.16463414634146342	0.16463414634146342		0.0	1.0	1	0.0	1.0	135.0	684.0
4699	Helix	0.16463414634146342	0.16463414634146342		0.0	1.0	1	0.0	1.0	135.0	684.0
4895	Helix	0.16463414634146342	0.16463414634146342		0.0	1.0	1	0.0	1.0	135.0	684.0
2015	Helix	0.16463414634146342	0.16463414634146342		0.0	1.0	1	0.0	1.0	135.0	684.0
6685	Transit peptide	0.16156536683368433	0.16156536683368433		0.0	1.0	2	0.0	2.0	93.0	480.0
7561	Transit peptide	0.16156536683368433	0.16156536683368433		0.0	1.0	2	0.0	2.0	93.0	480.0
2376	Transit peptide	0.16156536683368433	0.16156536683368433		0.0	1.0	2	0.0	2.0	93.0	480.0
5697	Domain	0.15836446658364467	0.15836446658364467	8.703882918639808	inf	0.022643305909252443	2	2.0	0.0	306.0	1736.0
7561	Beta strand	0.15699658703071673	0.15699658703071673		0.0	1.0	1	0.0	1.0	46.0	246.0
2376	Beta strand	0.15699658703071673	0.15699658703071673		0.0	1.0	1	0.0	1.0	46.0	246.0
6685	Beta strand	0.15699658703071673	0.15699658703071673		0.0	1.0	1	0.0	1.0	46.0	246.0
5915	Beta strand	0.1562934412895593	0.1562934412895593		0.0	1.0	2	0.0	2.0	230.0	1239.0
5524	Region	0.15611814345991562	0.15611814345991562		0.0	1.0	1	0.0	1.0	74.0	399.0
7806	Coiled coil	0.15557729941291584	0.15557729941291584		0.0	1.0	1	0.0	1.0	159.0	862.0
6290	Beta strand	0.1534090909090909	0.1534090909090909		0.0	1.0	1	0.0	1.0	108.0	595.0
5475	Region	0.149706457925636	0.149706457925636		0.0	1.0	2	0.0	2.0	306.0	1736.0
4023	Region	0.14782608695652175	0.14782608695652175		0.0	1.0	1	0.0	1.0	119.0	685.0
3041	Region	0.14782608695652175	0.14782608695652175		0.0	1.0	1	0.0	1.0	119.0	685.0
4657	Disulfide bond	0.14728767028078954	0.14728767028078954		0.0	1.0	2	0.0	2.0	158.0	913.0
6732	Domain	0.14414414414414414	0.14414414414414414		0.0	1.0	1	0.0	1.0	64.0	379.0
630	Repeat	0.14383561643835616	0.14383561643835616		0.0	1.0	1	0.0	1.0	147.0	874.0
7072	Repeat	0.14383561643835616	0.14383561643835616		0.0	1.0	1	0.0	1.0	147.0	874.0
4234	Repeat	0.14383561643835616	0.14383561643835616		0.0	1.0	1	0.0	1.0	147.0	874.0
857	Beta strand	0.14181818181818182	0.14181818181818182		0.0	1.0	1	0.0	1.0	39.0	235.0
6599	Helix	0.13959390862944163	0.13959390862944163		0.0	1.0	1	0.0	1.0	55.0	338.0
5857	Helix	0.13894324853228962	0.13894324853228962		0.0	1.0	1	0.0	1.0	142.0	879.0
3641	Helix	0.13894324853228962	0.13894324853228962		0.0	1.0	1	0.0	1.0	142.0	879.0
7072	Coiled coil	0.136986301369863	0.136986301369863		0.0	1.0	2	0.0	2.0	280.0	1762.0
7756	Coiled coil	0.136986301369863	0.136986301369863		0.0	1.0	2	0.0	2.0	280.0	1762.0
2069	Region	0.13591363475648777	0.13591363475648777		0.0	1.0	2	0.0	2.0	159.0	1009.0
3379	Region	0.1350293542074364	0.14090019569471623		0.0	1.0	3	0.0	3.0	414.0	2649.0
6002	Region	0.13307240704500978	0.13307240704500978		0.0	1.0	2	0.0	2.0	272.0	1770.0
2186	Binding site	0.13286516853932584	0.13286516853932584	50.00000111758712	inf	0.008988764044943821	1	1.0	0.0	7.0	882.0
837	Beta strand	0.1321568301007242	0.1321568301007242		0.0	1.0	2	0.0	2.0	134.0	977.0
2376	Compositional bias	0.13151602228285114	0.13151602228285114	4.545454570084564	7.304347826086956	0.22884411452810183	2	1.0	1.0	69.0	504.0
7561	Compositional bias	0.13151602228285114	0.13151602228285114	7.14285711244661	7.304347826086956	0.22884411452810183	2	1.0	1.0	69.0	504.0
6685	Compositional bias	0.13151602228285114	0.13151602228285114	5.555555334797621	7.304347826086956	0.22884411452810183	2	1.0	1.0	69.0	504.0
1991	Signal peptide	0.13114754098360656	0.13114754098360656		0.0	1.0	1	0.0	1.0	16.0	105.0
3412	Domain	0.12886597938144329	0.12886597938144329		0.0	1.0	3	0.0	3.0	150.0	1011.0
339	Region	0.12852358154072438	0.1392		0.0	1.0	5	0.0	5.0	390.0	2675.0
6601	Region	0.12804878048780488	0.12804878048780488		0.0	1.0	1	0.0	2.0	21.0	141.0
923	Region	0.12803962373572764	0.1324099173553719		0.0	1.0	6	0.0	6.0	466.0	3203.0
8108	Helix	0.12760416666666666	0.12760416666666666		0.0	1.0	1	0.0	1.0	49.0	334.0
6462	Region	0.12457015721391598	0.1270204987596292		0.0	1.0	4	0.0	4.0	330.0	2324.0
7454	Region	0.12447807807807808	0.1392		0.0	1.0	3	0.0	3.0	243.0	1711.0
4699	Transmembrane	0.12393263417304322	0.0267515923566879	2.941176439651569	5.002659574468085	0.24955556873187504	3	1.0	2.0	188.0	1881.0
926	Domain	0.1235370611183355	0.1235370611183355		0.0	1.0	1	0.0	1.0	95.0	673.0
4895	Beta strand	0.11746119733924612	0.11746119733924612	16.6666670391957	inf	0.10731707317073172	1	1.0	0.0	87.0	732.0
2015	Beta strand	0.11746119733924612	0.11746119733924612	12.500000279396778	inf	0.10731707317073172	1	1.0	0.0	87.0	732.0
5289	Beta strand	0.11746119733924612	0.11746119733924612	8.333333519597854	inf	0.10731707317073172	1	1.0	0.0	87.0	732.0
4537	Beta strand	0.11746119733924612	0.11746119733924612	12.500000279396778	inf	0.10731707317073172	1	1.0	0.0	87.0	732.0
8056	Region	0.1166958171523434	0.1166958171523434		0.0	1.0	1	0.0	1.0	61.0	491.0
4277	Compositional bias	0.11661166116611661	0.11661166116611661		0.0	1.0	1	0.0	1.0	106.0	802.0
5135	Transmembrane	0.11449939168396192	0.11449939168396192		0.0	1.0	2	0.0	2.0	147.0	1259.0
7068	Domain	0.11325028312570781	0.11325028312570781		0.0	1.0	1	0.0	1.0	100.0	782.0
4419	Region	0.11325028312570781	0.11325028312570781		0.0	1.0	1	0.0	1.0	100.0	782.0
7068	Region	0.11325028312570781	0.11325028312570781		0.0	1.0	1	0.0	1.0	100.0	782.0
4419	Domain	0.11325028312570781	0.11325028312570781		0.0	1.0	1	0.0	1.0	100.0	782.0
2462	Domain	0.11253561253561253	0.11253561253561253		0.0	1.0	1	0.0	1.0	79.0	622.0
7078	Domain	0.1121764563253925	0.11205673758865248		0.0	1.0	4	0.0	4.0	316.0	2497.0
3517	Domain	0.11205673758865248	0.11205673758865248		0.0	1.0	3	0.0	3.0	237.0	1875.0
8108	Transmembrane	0.109375	0.109375		0.0	1.0	1	0.0	1.0	42.0	341.0
8108	Beta strand	0.109375	0.109375		0.0	1.0	1	0.0	1.0	42.0	341.0
4929	Sequence conflict	0.10880626223091977	0.10880626223091977		inf	0.00978473581213307	1	1.0	0.0	9.0	1012.0
5468	Region	0.10845708172145758	0.12903225806451613		0.0	1.0	3	0.0	3.0	120.0	981.0
1170	Mutagenesis	0.10774834822034061	0.10774834822034061	12.500000279396778	inf	0.09882583170254403	1	1.0	0.0	100.0	921.0
5275	Compositional bias	0.10763039649632311	0.06896551724137931		0.0	1.0	6	0.0	6.0	331.0	4184.0
1312	Beta strand	0.1073170731707317	0.1073170731707317		0.0	1.0	1	0.0	1.0	88.0	731.0
3942	Beta strand	0.1073170731707317	0.1073170731707317		0.0	1.0	1	0.0	1.0	88.0	731.0
4699	Beta strand	0.1073170731707317	0.1073170731707317		0.0	1.0	1	0.0	1.0	88.0	731.0
5708	Beta strand	0.1073170731707317	0.1073170731707317		0.0	1.0	1	0.0	1.0	88.0	731.0
227	Beta strand	0.1073170731707317	0.1073170731707317		0.0	1.0	1	0.0	1.0	88.0	731.0
2476	Beta strand	0.10540540540540541	0.10540540540540541		0.0	1.0	1	0.0	1.0	39.0	330.0
6332	Helix	0.10285714285714286	0.10285714285714286		0.0	1.0	1	0.0	1.0	72.0	627.0
4474	Helix	0.10285714285714286	0.10285714285714286		0.0	1.0	1	0.0	1.0	72.0	627.0
7113	Coiled coil	0.1026694045174538	0.1026694045174538		0.0	1.0	1	0.0	1.0	50.0	436.0
7068	Binding site	0.10223411922166169	0.10223411922166169	50.00000111758712	inf	0.01245753114382786	1	1.0	0.0	10.0	872.0
837	Compositional bias	0.10212976817109778	0.09677914803270543	9.999999850988392	3.5873873873873876	0.3002175951744427	4	1.0	3.0	185.0	1991.0
88	Region	0.10110893672537508	0.03718199608610567		0.0	1.0	3	0.0	3.0	310.0	2753.0
953	Signal peptide	0.1	0.1		0.0	1.0	1	0.0	1.0	27.0	242.0
5275	Coiled coil	0.09943626342224987	0.050733855185909976		0.0	1.0	6	0.0	6.0	295.0	4220.0
6731	Beta strand	0.09889001009081735	0.09889001009081735		0.0	1.0	1	0.0	1.0	98.0	892.0
3012	Compositional bias	0.09822884695163168	0.09548387096774194		0.0	1.0	3	0.0	3.0	230.0	2112.0
6030	Binding site	0.09805890227576974	0.09805890227576974		inf	0.01606425702811245	1	1.0	0.0	11.0	735.0
6557	Zinc finger	0.09784735812133072	0.09784735812133072		0.0	1.0	1	0.0	1.0	100.0	921.0
3678	Zinc finger	0.09784735812133072	0.09784735812133072		0.0	1.0	1	0.0	1.0	100.0	921.0
6995	Zinc finger	0.09686888454011741	0.09686888454011741		0.0	1.0	1	0.0	1.0	99.0	922.0
2444	Region	0.09637964774951076	0.09637964774951076		0.0	1.0	2	0.0	2.0	197.0	1845.0
7756	Transmembrane	0.0944634300814902	0.025814860147785484	2.77777766739881	4.75886524822695	0.23818177906478272	4	1.0	3.0	188.0	2684.0
5135	Compositional bias	0.09426751592356689	0.09426751592356689		0.0	1.0	1	0.0	1.0	74.0	710.0
4317	Compositional bias	0.09426751592356689	0.09426751592356689		0.0	1.0	1	0.0	1.0	74.0	710.0
4822	Domain	0.09331790085835293	0.09331790085835293		0.0	1.0	2	0.0	2.0	175.0	1728.0
2749	Signal peptide	0.0927536231884058	0.0927536231884058		0.0	1.0	1	0.0	1.0	32.0	312.0
5634	Mutagenesis	0.09038461538461538	0.09038461538461538		0.0	1.0	1	0.0	1.0	47.0	472.0
6947	Mutagenesis	0.09038461538461538	0.09038461538461538		0.0	1.0	1	0.0	1.0	47.0	472.0
6332	Domain	0.08714285714285715	0.08714285714285715		0.0	1.0	2	0.0	2.0	122.0	1276.0
4474	Domain	0.08714285714285715	0.08714285714285715		0.0	1.0	1	0.0	1.0	61.0	638.0
4286	Binding site	0.0871414734428433	0.08036529680365297	25.000000558793555	inf	2.22135037114347e-06	3	3.0	0.0	38.0	3025.0
6485	Transmembrane	0.08641975308641975	0.08641975308641975		0.0	1.0	1	0.0	1.0	21.0	221.0
3334	Binding site	0.08532423208191127	0.08532423208191127		0.0	1.0	1	0.0	1.0	25.0	267.0
7479	Binding site	0.08532423208191127	0.08532423208191127		0.0	1.0	1	0.0	1.0	25.0	267.0
7334	Signal peptide	0.0847457627118644	0.0847457627118644		0.0	1.0	1	0.0	1.0	25.0	269.0
5275	Motif	0.08465608465608465	0.08465608465608465		0.0	1.0	1	0.0	1.0	16.0	172.0
3320	Region	0.08461538461538462	0.08461538461538462		0.0	1.0	1	0.0	1.0	22.0	237.0
7437	Domain	0.08148148148148149	0.08148148148148149		0.0	1.0	1	0.0	1.0	66.0	743.0
3260	Domain	0.08148148148148149	0.08148148148148149		0.0	1.0	1	0.0	1.0	66.0	743.0
5475	Domain	0.0812133072407045	0.0812133072407045		0.0	1.0	2	0.0	2.0	166.0	1876.0
4537	Domain	0.0808867261422006	0.0808867261422006		0.0	1.0	2	0.0	2.0	132.0	1498.0
638	Domain	0.08085226867252378	0.08078335373317014		0.0	1.0	3	0.0	3.0	198.0	2248.0
2634	Domain	0.08085226867252378	0.08078335373317014		0.0	1.0	3	0.0	3.0	198.0	2248.0
2015	Domain	0.08078335373317014	0.08078335373317014		0.0	1.0	1	0.0	1.0	66.0	750.0
5387	Domain	0.08029197080291971	0.08029197080291971		0.0	1.0	1	0.0	1.0	66.0	755.0
8096	Region	0.07925636007827788	0.07925636007827788		0.0	1.0	1	0.0	1.0	81.0	940.0
6462	Coiled coil	0.07873080453725616	0.07680491551459294		0.0	1.0	3	0.0	3.0	155.0	1810.0
6290	Turn	0.07816339066339067	0.07816339066339067	9.999999850988392	inf	0.052556818181818184	1	1.0	0.0	36.0	667.0
2877	Turn	0.0758472486436976	0.0758472486436976	50.00000111758712	inf	0.050870147255689425	1	1.0	0.0	37.0	709.0
7474	Propeptide	0.07556270096463022	0.07556270096463022		0.0	1.0	1	0.0	1.0	47.0	574.0
2831	Domain	0.07534246575342465	0.07534246575342465		0.0	1.0	1	0.0	1.0	77.0	944.0
5015	Domain	0.07534246575342465	0.07534246575342465		0.0	1.0	1	0.0	1.0	77.0	944.0
1093	Region	0.07411937377690803	0.07093933463796477		0.0	1.0	4	0.0	4.0	303.0	3781.0
4783	Domain	0.07338551859099804	0.07338551859099804		0.0	1.0	1	0.0	1.0	75.0	946.0
5887	Domain	0.07338551859099804	0.07338551859099804		0.0	1.0	1	0.0	1.0	75.0	946.0
4895	Compositional bias	0.07274351405934441	0.07274351405934441		0.0	1.0	2	0.0	2.0	116.0	1487.0
2015	Compositional bias	0.07274351405934441	0.07274351405934441		0.0	1.0	2	0.0	2.0	116.0	1487.0
3942	Compositional bias	0.07274351405934441	0.07274351405934441		0.0	1.0	2	0.0	2.0	116.0	1487.0
5708	Compositional bias	0.07274351405934441	0.07274351405934441		0.0	1.0	2	0.0	2.0	116.0	1487.0
1312	Compositional bias	0.07274351405934441	0.07274351405934441		0.0	1.0	2	0.0	2.0	116.0	1487.0
6731	Turn	0.07265388496468214	0.07265388496468214		0.0	1.0	1	0.0	1.0	72.0	918.0
4071	Motif	0.071973602804702	0.071973602804702	50.00000111758712	inf	0.03485254691689008	1	1.0	0.0	25.0	720.0
6731	Helix	0.07063572149344097	0.07063572149344097		0.0	1.0	1	0.0	1.0	70.0	920.0
6557	Compositional bias	0.07045009784735812	0.07045009784735812		0.0	1.0	1	0.0	1.0	72.0	949.0
5915	Binding site	0.07026274277827073	0.07065217391304347		0.0	1.0	3	0.0	3.0	155.0	2048.0
6731	Signal peptide	0.06861755802219979	0.06861755802219979		0.0	1.0	1	0.0	1.0	68.0	922.0
3099	Transmembrane	0.06718851924331376	0.06718851924331376	50.00000111758712	inf	0.02054794520547945	1	1.0	0.0	20.0	1001.0
6601	Binding site	0.06707317073170732	0.06707317073170732		0.0	1.0	1	0.0	2.0	11.0	151.0
7931	Turn	0.06666666666666667	0.06666666666666667		0.0	1.0	1	0.0	1.0	29.0	405.0
894	Region	0.066006600660066	0.066006600660066		0.0	1.0	1	0.0	1.0	20.0	282.0
1653	Transmembrane	0.06521739130434782	0.06521739130434782		0.0	1.0	1	0.0	1.0	21.0	300.0
2297	Compositional bias	0.06521739130434782	0.06521739130434782		0.0	1.0	1	0.0	1.0	42.0	601.0
6030	Helix	0.0642570281124498	0.0642570281124498		0.0	1.0	1	0.0	1.0	48.0	698.0
2877	Helix	0.0642570281124498	0.0642570281124498		0.0	1.0	1	0.0	1.0	48.0	698.0
1219	Helix	0.0642570281124498	0.0642570281124498		0.0	1.0	1	0.0	1.0	48.0	698.0
2390	Helix	0.0642570281124498	0.0642570281124498		0.0	1.0	1	0.0	1.0	48.0	698.0
7283	Helix	0.0642570281124498	0.0642570281124498		0.0	1.0	1	0.0	1.0	48.0	698.0
3379	Helix	0.06360078277886497	0.06360078277886497		0.0	1.0	1	0.0	1.0	65.0	956.0
6732	Region	0.06306306306306306	0.06306306306306306		0.0	1.0	1	0.0	1.0	28.0	415.0
920	Transmembrane	0.061946902654867256	0.061946902654867256		0.0	1.0	2	0.0	2.0	84.0	1270.0
4155	Domain	0.06170906718851924	0.06170906718851924	50.00000111758712	inf	0.029354207436399216	1	1.0	0.0	29.0	992.0
6599	Signal peptide	0.06091370558375635	0.06091370558375635		0.0	1.0	1	0.0	1.0	24.0	369.0
2946	Propeptide	0.060836501901140684	0.060836501901140684		0.0	1.0	1	0.0	1.0	32.0	493.0
7299	Compositional bias	0.060665362035225046	0.060665362035225046		0.0	1.0	1	0.0	1.0	62.0	959.0
6002	Compositional bias	0.060665362035225046	0.060665362035225046		0.0	1.0	1	0.0	1.0	62.0	959.0
88	Compositional bias	0.060665362035225046	0.060665362035225046		0.0	1.0	1	0.0	1.0	62.0	959.0
988	Region	0.05947955390334572	0.05947955390334572		0.0	1.0	1	0.0	1.0	32.0	505.0
5468	Alternative sequence	0.05903639371381307	0.05903639371381307		0.0	1.0	2	0.0	2.0	43.0	691.0
4076	Region	0.05834634972501002	0.05834634972501002		0.0	1.0	2	0.0	2.0	116.0	1885.0
4354	Compositional bias	0.057729941291585124	0.057729941291585124		0.0	1.0	1	0.0	1.0	59.0	962.0
6995	Compositional bias	0.057729941291585124	0.057729941291585124		0.0	1.0	1	0.0	1.0	59.0	962.0
4699	Compositional bias	0.05690572451263787	0.04618588778480377		0.0	1.0	4	0.0	4.0	156.0	2419.0
2634	Transmembrane	0.05600757810104807	0.025814860147785484		0.0	1.0	4	0.0	4.0	126.0	2748.0
6462	Compositional bias	0.05555925590988704	0.054531490015360985		0.0	1.0	4	0.0	4.0	147.0	2507.0
953	Beta strand	0.05555555555555555	0.05555555555555555		0.0	1.0	1	0.0	1.0	15.0	254.0
6759	Region	0.05504587155963303	0.05504587155963303		0.0	1.0	1	0.0	1.0	24.0	411.0
2069	Compositional bias	0.05471318241720993	0.05471318241720993		0.0	1.0	2	0.0	2.0	64.0	1104.0
1653	Turn	0.052795031055900624	0.052795031055900624		0.0	1.0	1	0.0	1.0	17.0	304.0
3379	Beta strand	0.05185909980430528	0.05185909980430528		0.0	1.0	1	0.0	1.0	53.0	968.0
5915	Alternative sequence	0.051630434782608696	0.051630434782608696		0.0	1.0	1	0.0	1.0	38.0	697.0
3522	Transmembrane	0.051470588235294115	0.051470588235294115		0.0	1.0	1	0.0	1.0	42.0	773.0
339	Transmembrane	0.051470588235294115	0.051470588235294115		0.0	1.0	1	0.0	1.0	42.0	773.0
3493	Transmembrane	0.051470588235294115	0.051470588235294115		0.0	1.0	1	0.0	1.0	42.0	773.0
4537	Compositional bias	0.05121951219512195	0.05121951219512195		0.0	1.0	1	0.0	1.0	42.0	777.0
227	Compositional bias	0.05121951219512195	0.05121951219512195		0.0	1.0	1	0.0	1.0	42.0	777.0
5289	Compositional bias	0.05121951219512195	0.05121951219512195		0.0	1.0	1	0.0	1.0	42.0	777.0
7283	Turn	0.050870147255689425	0.050870147255689425		0.0	1.0	1	0.0	1.0	38.0	708.0
1219	Turn	0.050870147255689425	0.050870147255689425		0.0	1.0	1	0.0	1.0	38.0	708.0
2390	Turn	0.050870147255689425	0.050870147255689425		0.0	1.0	1	0.0	1.0	38.0	708.0
6030	Turn	0.050870147255689425	0.050870147255689425		0.0	1.0	1	0.0	1.0	38.0	708.0
3800	Transmembrane	0.05012321569721486	0.04906542056074766		0.0	1.0	3	0.0	3.0	63.0	1192.0
3445	Signal peptide	0.04885057471264368	0.04885057471264368		0.0	1.0	1	0.0	1.0	17.0	330.0
5904	Signal peptide	0.04885057471264368	0.04885057471264368		0.0	1.0	1	0.0	1.0	17.0	330.0
4286	Compositional bias	0.04827136333985649	0.049902152641878667		0.0	1.0	3	0.0	3.0	148.0	2915.0
953	Turn	0.04814814814814815	0.04814814814814815		0.0	1.0	1	0.0	1.0	13.0	256.0
7283	Signal peptide	0.04793869354970904	0.04793869354970904		0.0	1.0	2	0.0	2.0	71.0	1409.0
6030	Signal peptide	0.04793869354970904	0.04793869354970904		0.0	1.0	2	0.0	2.0	71.0	1409.0
2390	Signal peptide	0.04793869354970904	0.04793869354970904		0.0	1.0	2	0.0	2.0	71.0	1409.0
93	Coiled coil	0.046966731898238745	0.046966731898238745		0.0	1.0	1	0.0	1.0	48.0	973.0
4166	Compositional bias	0.046875	0.046875		0.0	1.0	1	0.0	1.0	15.0	304.0
2946	Signal peptide	0.04655676414205069	0.04655676414205069		0.0	1.0	2	0.0	2.0	42.0	841.0
1231	Binding site	0.046511627906976744	0.046511627906976744		0.0	1.0	1	0.0	1.0	32.0	655.0
7916	Region	0.046037181996086106	0.046037181996086106		0.0	1.0	2	0.0	2.0	78.0	1642.0
3122	Binding site	0.045779685264663805	0.045779685264663805		0.0	1.0	1	0.0	1.0	32.0	666.0
492	Signal peptide	0.045723588580731445	0.042735042735042736		0.0	1.0	3	0.0	3.0	98.0	2038.0
5333	Turn	0.044933680870184546	0.044933680870184546		0.0	1.0	2	0.0	2.0	52.0	1052.0
72	Binding site	0.04488078541374474	0.04488078541374474		0.0	1.0	1	0.0	1.0	32.0	680.0
5746	Binding site	0.04488078541374474	0.04488078541374474		0.0	1.0	1	0.0	1.0	32.0	680.0
6418	Binding site	0.04488078541374474	0.04488078541374474		0.0	1.0	1	0.0	1.0	32.0	680.0
5524	Compositional bias	0.04430379746835443	0.04430379746835443		0.0	1.0	1	0.0	1.0	21.0	452.0
1219	Signal peptide	0.04417670682730924	0.04417670682730924		0.0	1.0	1	0.0	1.0	33.0	713.0
5333	Signal peptide	0.04417670682730924	0.04417670682730924		0.0	1.0	1	0.0	1.0	33.0	713.0
7928	Transmembrane	0.04365904365904366	0.04365904365904366		0.0	1.0	1	0.0	1.0	21.0	459.0
4204	Signal peptide	0.043447621013013374	0.042735042735042736		0.0	1.0	4	0.0	4.0	124.0	2721.0
2877	Signal peptide	0.04321559743246491	0.042735042735042736		0.0	1.0	3	0.0	3.0	93.0	2055.0
7113	Binding site	0.043121149897330596	0.043121149897330596		0.0	1.0	1	0.0	1.0	21.0	465.0
339	Signal peptide	0.04232809339952197	0.04152877367163081		0.0	1.0	4	0.0	4.0	103.0	2338.0
